"","TrisCalDate","(Intercept)","TTris","tank","date","researcher","start_time","end_time","mV","TempInSitu","Salinity_lab","expected_pH","expected_temp","Sampling_Date","mVTris","pH"
"1",2024-07-15,-99.4542060911891,1.26397557956436,1,20240714,"TD","20:15","20:45",-37.5,20.127,30,7.6,22,2024-07-14,-74.0141696012972,7.60933324141962
"2",2024-07-15,-99.4542060911891,1.26397557956436,2,20240714,"TD","20:15","20:45",-34.7,17.963,30,7.4,18,2024-07-14,-76.7494127554745,7.57807093573099
"3",2024-07-15,-99.4542060911891,1.26397557956436,3,20240714,"TD","20:15","20:45",-52.1,19.649,30,7.8,22,2024-07-14,-74.618349928329,7.86442923451913
"4",2024-07-15,-99.4542060911891,1.26397557956436,4,20240714,"TD","20:15","20:45",-33.1,18.3,30,7.3,18,2024-07-14,-76.3234529851613,7.54777374552605
"5",2024-07-15,-99.4542060911891,1.26397557956436,5,20240714,"TD","20:15","20:45",-51.1,18.298,30,7.7,18,2024-07-14,-76.3259809363204,7.85904849206223
"6",2024-07-15,-99.4542060911891,1.26397557956436,6,20240714,"TD","20:15","20:45",-47,18.195,30,7.9,18,2024-07-14,-76.4561704210155,7.7890292973209
"7",2024-07-15,-99.4542060911891,1.26397557956436,7,20240714,"TD","20:15","20:45",-50.6,17.338,30,7.5,18,2024-07-14,-77.5393974927022,7.8588085566673
"8",2024-07-15,-99.4542060911891,1.26397557956436,8,20240714,"TD","20:15","20:45",-35.4,18.141,30,7.6,18,2024-07-14,-76.524425102312,7.58879264604827
"9",2024-07-15,-99.4542060911891,1.26397557956436,9,20240714,"TD","20:15","20:45",-37.1,18.424,30,7.2,18,2024-07-14,-76.1667200132953,7.6159572191737
"10",2024-07-15,-99.4542060911891,1.26397557956436,10,20240714,"TD","20:15","20:45",-49.1,18.292,30,7.8,18,2024-07-14,-76.3335647897978,7.82451605247408
"11",2024-07-15,-99.4542060911891,1.26397557956436,11,20240714,"TD","20:15","20:45",-24.7,19.932,30,7.5,22,2024-07-14,-74.2606448393122,7.39077503674092
"12",2024-07-15,-99.4542060911891,1.26397557956436,12,20240714,"TD","20:15","20:45",-35.3,20.184,30,7.4,22,2024-07-14,-73.942122993262,7.57108271909068
"13",2024-07-15,-99.4542060911891,1.26397557956436,13,20240714,"TD","20:15","20:45",-56.3,19.325,30,8,18,2024-07-14,-75.0278780161078,7.93965415396675
"14",2024-07-15,-99.4542060911891,1.26397557956436,14,20240714,"TD","20:15","20:45",-27.7,20.344,30,7.2,22,2024-07-14,-73.7398869005317,7.4393294751424
"15",2024-07-15,-99.4542060911891,1.26397557956436,15,20240714,"TD","20:15","20:45",-36.8,20.291,30,7.7,22,2024-07-14,-73.8068776062486,7.596009660755
"16",2024-07-15,-99.4542060911891,1.26397557956436,17,20240714,"TD","20:15","20:45",-47.9,20.09,30,7.9,22,2024-07-14,-74.0609366977411,7.78836659898164
"17",2024-07-15,-99.4542060911891,1.26397557956436,18,20240714,"TD","20:15","20:45",-34.2,20.143,30,7.3,22,2024-07-14,-73.9939459920242,7.55250103070441
"18",2024-07-15,-99.4542060911891,1.26397557956436,19,20240714,"TD","20:15","20:45",-55.2,20.091,30,8,22,2024-07-14,-74.0596727221615,7.9138191638574
"19",2024-07-15,-99.4542060911891,1.26397557956436,1,20240715,"TD","10:45","11:33",-39.6,22.135,30,7.6,22,2024-07-15,-71.476106637532,7.62926600369387
"20",2024-07-15,-99.4542060911891,1.26397557956436,2,20240715,"TD","10:45","11:33",-46.1,19.317,30,7.4,18,2024-07-15,-75.0379898207443,7.7639608480786
"21",2024-07-15,-99.4542060911891,1.26397557956436,3,20240715,"TD","10:45","11:33",-55.6,21.23,30,7.8,22,2024-07-15,-72.6200045370377,7.91045966444926
"22",2024-07-15,-99.4542060911891,1.26397557956436,4,20240715,"TD","10:45","11:33",-17.3,19.168,30,7.3,18,2024-07-15,-75.2263221820994,7.26868814638032
"23",2024-07-15,-99.4542060911891,1.26397557956436,5,20240715,"TD","10:45","11:33",-51.3,18.349,30,7.7,18,2024-07-15,-76.2615181817626,7.86205889508626
"24",2024-07-15,-99.4542060911891,1.26397557956436,6,20240715,"TD","10:45","11:33",-50,18.111,30,7.9,18,2024-07-15,-76.5623443696989,7.84165600770598
"25",2024-07-15,-99.4542060911891,1.26397557956436,7,20240715,"TD","10:45","11:33",-54.6,17.592,30,7.5,18,2024-07-15,-77.2183476954929,7.9259187677161
"26",2024-07-15,-99.4542060911891,1.26397557956436,8,20240715,"TD","10:45","11:33",-37.1,18.202,30,7.6,18,2024-07-15,-76.4473225919586,7.61772052558712
"27",2024-07-15,-99.4542060911891,1.26397557956436,9,20240715,"TD","10:45","11:33",-12.9,18.088,30,7.2,18,2024-07-15,-76.5914158080289,7.1998537536901
"28",2024-07-15,-99.4542060911891,1.26397557956436,10,20240715,"TD","10:45","11:33",-49.9,18.182,30,7.8,18,2024-07-15,-76.4726021035499,7.83930753166778
"29",2024-07-15,-99.4542060911891,1.26397557956436,11,20240715,"TD","10:45","11:33",-25.2,21.649,30,7.5,22,2024-07-15,-72.0903987692002,7.38699430251177
"30",2024-07-15,-99.4542060911891,1.26397557956436,12,20240715,"TD","10:45","11:33",-25.3,22.276,30,7.4,22,2024-07-15,-71.2978860808134,7.38418488408147
"31",2024-07-15,-99.4542060911891,1.26397557956436,13,20240715,"TD","10:45","11:33",-57.7,19.317,30,8,18,2024-07-15,-75.0379898207443,7.96385131317472
"32",2024-07-15,-99.4542060911891,1.26397557956436,14,20240715,"TD","10:45","11:33",-11.4,22.024,30,7.2,22,2024-07-15,-71.6164079268636,7.14867360706002
"33",2024-07-15,-99.4542060911891,1.26397557956436,15,20240715,"TD","10:45","11:33",-36.8,22.293,30,7.7,22,2024-07-15,-71.2763984959608,7.58023351714461
"34",2024-07-15,-99.4542060911891,1.26397557956436,17,20240715,"TD","10:45","11:33",-50.6,22.04,30,7.9,22,2024-07-15,-71.5961843175906,7.81783195604695
"35",2024-07-15,-99.4542060911891,1.26397557956436,18,20240715,"TD","10:45","11:33",-15.9,21.944,30,7.3,22,2024-07-15,-71.7175259732288,7.22603924167825
"36",2024-07-15,-99.4542060911891,1.26397557956436,19,20240715,"TD","10:45","11:33",-57,22.07,30,8,22,2024-07-15,-71.5582650502037,7.92682782305132
"37",2024-07-15,-99.4542060911891,1.26397557956436,1,20240716,"TD","16:10","16:40",-23.3,22.194,30,7.6,22,2024-07-16,-71.4015320783377,7.3506476186185
"38",2024-07-15,-99.4542060911891,1.26397557956436,2,20240716,"TD","16:10","16:40",-24.2,17.917,30,7.4,18,2024-07-16,-76.8075556321344,7.39662446429867
"39",2024-07-15,-99.4542060911891,1.26397557956436,3,20240716,"TD","16:10","16:40",-52,23.071,30,7.8,22,2024-07-16,-70.2930254950597,7.8327194251226
"40",2024-07-15,-99.4542060911891,1.26397557956436,4,20240716,"TD","16:10","16:40",-17.9,18.821,30,7.3,18,2024-07-16,-75.6649217082083,7.28139099235005
"41",2024-07-15,-99.4542060911891,1.26397557956436,5,20240716,"TD","16:10","16:40",-31.1,18.173,30,7.7,18,2024-07-16,-76.483977883766,7.51415330821291
"42",2024-07-15,-99.4542060911891,1.26397557956436,6,20240716,"TD","16:10","16:40",-48.9,18.58,30,7.9,18,2024-07-16,-75.9695398228833,7.81856924372894
"43",2024-07-15,-99.4542060911891,1.26397557956436,7,20240716,"TD","16:10","16:40",-30.9,18.62,30,7.5,18,2024-07-16,-75.9189807997007,7.5073079745419
"44",2024-07-15,-99.4542060911891,1.26397557956436,8,20240716,"TD","16:10","16:40",-35.2,18.307,30,7.6,18,2024-07-16,-76.3146051561043,7.58403227350979
"45",2024-07-15,-99.4542060911891,1.26397557956436,9,20240716,"TD","16:10","16:40",-12.1,18.56,30,7.2,18,2024-07-16,-75.9948193344746,7.18296110221778
"46",2024-07-15,-99.4542060911891,1.26397557956436,10,20240716,"TD","16:10","16:40",-49.1,18.388,30,7.8,18,2024-07-16,-76.2122231341596,7.82368526110315
"47",2024-07-15,-99.4542060911891,1.26397557956436,11,20240716,"TD","16:10","16:40",-22.9,22.234,30,7.5,22,2024-07-16,-71.3509730551551,7.34353929133753
"48",2024-07-15,-99.4542060911891,1.26397557956436,12,20240716,"TD","16:10","16:40",-24.3,22.309,30,7.4,22,2024-07-16,-71.2561748866878,7.36688966021543
"49",2024-07-15,-99.4542060911891,1.26397557956436,13,20240716,"TD","16:10","16:40",-57.3,18.695,30,8,18,2024-07-16,-75.8241826312334,7.96263296096249
"50",2024-07-15,-99.4542060911891,1.26397557956436,14,20240716,"TD","16:10","16:40",-7.8,22.046,30,7.2,22,2024-07-16,-71.5886004641132,7.08707126557369
"51",2024-07-15,-99.4542060911891,1.26397557956436,15,20240716,"TD","16:10","16:40",-36.2,22.386,30,7.7,22,2024-07-16,-71.1588487670613,7.56926987825968
"52",2024-07-15,-99.4542060911891,1.26397557956436,17,20240716,"TD","16:10","16:40",-51,22.171,30,7.9,22,2024-07-16,-71.4306035166676,7.82352245411545
"53",2024-07-15,-99.4542060911891,1.26397557956436,18,20240716,"TD","16:10","16:40",-12.2,22.179,30,7.3,22,2024-07-16,-71.4204917120311,7.16133310071289
"54",2024-07-15,-99.4542060911891,1.26397557956436,19,20240716,"TD","16:10","16:40",-56,22.105,30,8,22,2024-07-16,-71.5140259049189,7.9094422197939
"55",2024-07-15,-99.4542060911891,1.26397557956436,1,20240717,"CB","15:08","15:41",-36.4,22.185,30,7.6,22,2024-07-17,-71.4129078585538,7.57425765746976
"56",2024-07-15,-99.4542060911891,1.26397557956436,2,20240717,"CB","15:08","15:41",-25.3,17.535,30,7.4,18,2024-07-17,-77.290394303528,7.41844092750253
"57",2024-07-15,-99.4542060911891,1.26397557956436,3,20240717,"CB","15:08","15:41",-51.4,22.265,30,7.8,22,2024-07-17,-71.3117898121886,7.82952952198911
"58",2024-07-15,-99.4542060911891,1.26397557956436,4,20240717,"CB","15:08","15:41",-14.2,18.385,30,7.3,18,2024-07-17,-76.2160150608983,7.22039404966841
"59",2024-07-15,-99.4542060911891,1.26397557956436,5,20240717,"CB","15:08","15:41",-43.1,18.105,30,7.7,18,2024-07-17,-76.5699282231763,7.72231314374679
"60",2024-07-15,-99.4542060911891,1.26397557956436,6,20240717,"CB","15:08","15:41",-48.7,18.067,30,7.9,18,2024-07-17,-76.6179592951998,7.81954173719839
"61",2024-07-15,-99.4542060911891,1.26397557956436,7,20240717,"CB","15:08","15:41",-31.6,18.17,30,7.5,18,2024-07-17,-76.4877698105047,7.52282596756788
"62",2024-07-15,-99.4542060911891,1.26397557956436,8,20240717,"CB","15:08","15:41",-34.6,18.257,30,7.6,18,2024-07-17,-76.3778039350826,7.57404703614734
"63",2024-07-15,-99.4542060911891,1.26397557956436,9,20240717,"CB","15:08","15:41",-11.8,18.195,30,7.2,18,2024-07-17,-76.4561704210155,7.18012918545406
"64",2024-07-15,-99.4542060911891,1.26397557956436,10,20240717,"CB","15:08","15:41",-47.8,18.277,30,7.8,18,2024-07-17,-76.3525244234913,7.80216442296796
"65",2024-07-15,-99.4542060911891,1.26397557956436,11,20240717,"CB","15:08","15:41",-30.4,22.07,30,7.5,22,2024-07-17,-71.5582650502037,7.47273271810617
"66",2024-07-15,-99.4542060911891,1.26397557956436,12,20240717,"CB","15:08","15:41",-22.9,22.302,30,7.4,22,2024-07-17,-71.2650227157447,7.34305872027071
"67",2024-07-15,-99.4542060911891,1.26397557956436,13,20240717,"CB","15:08","15:41",-57.5,18.785,30,8,18,2024-07-17,-75.7104248290726,7.96526395400508
"68",2024-07-15,-99.4542060911891,1.26397557956436,14,20240717,"CB","15:08","15:41",-13.7,22.304,30,7.2,22,2024-07-17,-71.2624947645856,7.18611352438096
"69",2024-07-15,-99.4542060911891,1.26397557956436,15,20240717,"CB","15:08","15:41",-40.5,22.27,30,7.7,22,2024-07-17,-71.3054699342908,7.64353536544546
"70",2024-07-15,-99.4542060911891,1.26397557956436,17,20240717,"CB","15:08","15:41",-50,22.385,30,7.9,22,2024-07-17,-71.1601127426409,7.8046097877469
"71",2024-07-15,-99.4542060911891,1.26397557956436,18,20240717,"CB","15:08","15:41",-21.5,22.085,30,7.3,22,2024-07-17,-71.5393054165102,7.32069383712876
"72",2024-07-15,-99.4542060911891,1.26397557956436,19,20240717,"CB","15:08","15:41",-59.2,21.97,30,8,22,2024-07-17,-71.6846626081601,7.96530135355643
"73",2024-07-18,-102.278630110327,1.46481217622801,1,20240718,"TD","17:45","18:20",-35.7,22.212,30,7.6,22,2024-07-18,-69.7422220519505,7.59002630885594
"74",2024-07-18,-102.278630110327,1.46481217622801,2,20240718,"TD","17:45","18:20",-22.6,17.651,30,7.4,18,2024-07-18,-76.4232303877265,7.38329418106096
"75",2024-07-18,-102.278630110327,1.46481217622801,3,20240718,"TD","17:45","18:20",-56.7,22.311,30,7.8,22,2024-07-18,-69.597205646504,7.947786980452
"76",2024-07-18,-102.278630110327,1.46481217622801,4,20240718,"TD","17:45","18:20",-21,18.476,30,7.3,18,2024-07-18,-75.2147603423384,7.35262562572481
"77",2024-07-18,-102.278630110327,1.46481217622801,5,20240718,"TD","17:45","18:20",-42.8,18.114,30,7.7,18,2024-07-18,-75.7450223501329,7.73112408185773
"78",2024-07-18,-102.278630110327,1.46481217622801,6,20240718,"TD","17:45","18:20",-53.9,18.102,30,7.9,18,2024-07-18,-75.7626000962477,7.92325481049973
"79",2024-07-18,-102.278630110327,1.46481217622801,7,20240718,"TD","17:45","18:20",-31.3,17.911,30,7.5,18,2024-07-18,-76.0423792219072,7.53298580384063
"80",2024-07-18,-102.278630110327,1.46481217622801,8,20240718,"TD","17:45","18:20",-33.7,18.259,30,7.6,18,2024-07-18,-75.5326245845799,7.57303962978265
"81",2024-07-18,-102.278630110327,1.46481217622801,9,20240718,"TD","17:45","18:20",-14.2,18.213,30,7.2,18,2024-07-18,-75.6000059446863,7.23594230069857
"82",2024-07-18,-102.278630110327,1.46481217622801,10,20240718,"TD","17:45","18:20",-50.9,18.291,30,7.8,18,2024-07-18,-75.4857505949406,7.8703341585129
"83",2024-07-18,-102.278630110327,1.46481217622801,11,20240718,"TD","17:45","18:20",-29.9,22.073,30,7.5,22,2024-07-18,-69.9458309444462,7.49163592264998
"84",2024-07-18,-102.278630110327,1.46481217622801,12,20240718,"TD","17:45","18:20",-27.8,22.207,30,7.4,22,2024-07-18,-69.7495461128317,7.45524840493923
"85",2024-07-18,-102.278630110327,1.46481217622801,13,20240718,"TD","17:45","18:20",-62.5,18.743,30,8,18,2024-07-18,-74.8236554912855,8.06820437905755
"86",2024-07-18,-102.278630110327,1.46481217622801,14,20240718,"TD","17:45","18:20",-15.5,22.108,30,7.2,22,2024-07-18,-69.8945625182782,7.24569682639741
"87",2024-07-18,-102.278630110327,1.46481217622801,15,20240718,"TD","17:45","18:20",-46.4,22.315,30,7.7,22,2024-07-18,-69.591346397799,7.77207621008599
"88",2024-07-18,-102.278630110327,1.46481217622801,17,20240718,"TD","17:45","18:20",-53.3,22.163,30,7.9,22,2024-07-18,-69.8139978485857,7.8906048292939
"89",2024-07-18,-102.278630110327,1.46481217622801,18,20240718,"TD","17:45","18:20",-22.4,22.098,30,7.3,22,2024-07-18,-69.9092106400405,7.36351029502256
"90",2024-07-18,-102.278630110327,1.46481217622801,19,20240718,"TD","17:45","18:20",-62.3,21.988,30,8,22,2024-07-18,-70.0703399794256,8.04524952658357
"91",2024-07-18,-102.278630110327,1.46481217622801,1,20240719,"TD","17:30","18:25",-37.7,22.135,30,7.6,22,2024-07-19,-69.8550125895201,7.62450578006313
"92",2024-07-18,-102.278630110327,1.46481217622801,2,20240719,"TD","17:30","18:25",-21.4,17.684,30,7.4,18,2024-07-19,-76.374891585911,7.36237915329205
"93",2024-07-18,-102.278630110327,1.46481217622801,3,20240719,"TD","17:30","18:25",-46,22.243,30,7.8,22,2024-07-19,-69.6968128744875,7.76561843150277
"94",2024-07-18,-102.278630110327,1.46481217622801,4,20240719,"TD","17:30","18:25",-18.7,18.265,30,7.3,18,2024-07-19,-75.5238357115225,7.31360156554011
"95",2024-07-18,-102.278630110327,1.46481217622801,5,20240719,"TD","17:30","18:25",-42.8,18.083,30,7.7,18,2024-07-19,-75.790431527596,7.73127469634228
"96",2024-07-18,-102.278630110327,1.46481217622801,6,20240719,"TD","17:30","18:25",-54.5,18.016,30,7.9,18,2024-07-19,-75.8885739434033,7.93411473096863
"97",2024-07-18,-102.278630110327,1.46481217622801,7,20240719,"TD","17:30","18:25",-32.5,17.921,30,7.5,18,2024-07-19,-76.0277311001449,7.55372156059428
"98",2024-07-18,-102.278630110327,1.46481217622801,8,20240719,"TD","17:30","18:25",-33.8,18.208,30,7.6,18,2024-07-19,-75.6073300055675,7.57498963002907
"99",2024-07-18,-102.278630110327,1.46481217622801,9,20240719,"TD","17:30","18:25",-11.3,17.954,30,7.2,18,2024-07-19,-75.9793922983294,7.1865539167308
"100",2024-07-18,-102.278630110327,1.46481217622801,10,20240719,"TD","17:30","18:25",-48.5,18.33,30,7.8,18,2024-07-19,-75.4286229200677,7.82862923241495
"101",2024-07-18,-102.278630110327,1.46481217622801,11,20240719,"TD","17:30","18:25",-30.1,22.031,30,7.5,22,2024-07-19,-70.0073530558478,7.49522437226489
"102",2024-07-18,-102.278630110327,1.46481217622801,12,20240719,"TD","17:30","18:25",-28.5,22.314,30,7.4,22,2024-07-19,-69.5928112099753,7.46675837647896
"103",2024-07-18,-102.278630110327,1.46481217622801,13,20240719,"TD","17:30","18:25",-59,18.718,30,8,18,2024-07-19,-74.8602757956912,8.00791945490378
"104",2024-07-18,-102.278630110327,1.46481217622801,14,20240719,"TD","17:30","18:25",-11.5,22.329,30,7.2,22,2024-07-19,-69.5708390273319,7.17674069503648
"105",2024-07-18,-102.278630110327,1.46481217622801,15,20240719,"TD","17:30","18:25",-43.3,22.169,30,7.7,22,2024-07-19,-69.8052089755283,7.71991666612382
"106",2024-07-18,-102.278630110327,1.46481217622801,17,20240719,"TD","17:30","18:25",-53.2,22.351,30,7.9,22,2024-07-19,-69.5386131594549,7.88786690561221
"107",2024-07-18,-102.278630110327,1.46481217622801,18,20240719,"TD","17:30","18:25",-21,22.127,30,7.3,22,2024-07-19,-69.8667310869299,7.33950774168793
"108",2024-07-18,-102.278630110327,1.46481217622801,19,20240719,"TD","17:30","18:25",-62,21.93,30,8,22,2024-07-19,-70.1552990856468,8.04047432558383
"109",2024-07-18,-102.278630110327,1.46481217622801,1,20240720,"TD","15:00","15:30",-36.7,22.01,30,7.6,22,2024-07-20,-70.0381141115486,7.60800459708255
"110",2024-07-18,-102.278630110327,1.46481217622801,2,20240720,"TD","15:00","15:30",-23.7,17.7,30,7.4,18,2024-07-20,-76.3514545910913,7.40217562153153
"111",2024-07-18,-102.278630110327,1.46481217622801,3,20240720,"TD","15:00","15:30",-48.2,22.222,30,7.8,22,2024-07-20,-69.7275739301883,7.80326230774278
"112",2024-07-18,-102.278630110327,1.46481217622801,4,20240720,"TD","15:00","15:30",-20.3,18.36,30,7.3,18,2024-07-20,-75.3846785547808,7.3409374106573
"113",2024-07-18,-102.278630110327,1.46481217622801,5,20240720,"TD","15:00","15:30",-43.3,18.077,30,7.7,18,2024-07-20,-75.7992204006534,7.73995650118029
"114",2024-07-18,-102.278630110327,1.46481217622801,6,20240720,"TD","15:00","15:30",-54.5,18.033,30,7.9,18,2024-07-20,-75.8636721364074,7.93402031422886
"115",2024-07-18,-102.278630110327,1.46481217622801,7,20240720,"TD","15:00","15:30",-29.8,17.882,30,7.5,18,2024-07-20,-76.0848587750178,7.50713149887262
"116",2024-07-18,-102.278630110327,1.46481217622801,8,20240720,"TD","15:00","15:30",-34.9,18.266,30,7.6,18,2024-07-20,-75.5223708993463,7.59376229955235
"117",2024-07-18,-102.278630110327,1.46481217622801,9,20240720,"TD","15:00","15:30",-13.6,18.066,30,7.2,18,2024-07-20,-75.8153333345919,7.22602322195984
"118",2024-07-18,-102.278630110327,1.46481217622801,10,20240720,"TD","15:00","15:30",-48.5,18.28,30,7.8,18,2024-07-20,-75.5018635288791,7.82888908462503
"119",2024-07-18,-102.278630110327,1.46481217622801,11,20240720,"TD","15:00","15:30",-31.1,22.063,30,7.5,22,2024-07-20,-69.9604790662085,7.51216327335119
"120",2024-07-18,-102.278630110327,1.46481217622801,12,20240720,"TD","15:00","15:30",-28.3,22.245,30,7.4,22,2024-07-20,-69.693883250135,7.46362627163585
"121",2024-07-18,-102.278630110327,1.46481217622801,13,20240720,"TD","15:00","15:30",-58.4,18.793,30,8,18,2024-07-20,-74.7504148824741,7.99712537520099
"122",2024-07-18,-102.278630110327,1.46481217622801,14,20240720,"TD","15:00","15:30",-11.6,22.07,30,7.2,22,2024-07-20,-69.9502253809749,7.17924455906052
"123",2024-07-18,-102.278630110327,1.46481217622801,15,20240720,"TD","15:00","15:30",-44.2,22.201,30,7.7,22,2024-07-20,-69.758334985889,7.7351167463888
"124",2024-07-18,-102.278630110327,1.46481217622801,17,20240720,"TD","15:00","15:30",-54.2,22.188,30,7.9,22,2024-07-20,-69.77737754418,7.90582553511634
"125",2024-07-18,-102.278630110327,1.46481217622801,18,20240720,"TD","15:00","15:30",-19.8,22.1,30,7.3,22,2024-07-20,-69.9062810156881,7.31912216105381
"126",2024-07-18,-102.278630110327,1.46481217622801,19,20240720,"TD","15:00","15:30",-61.3,21.957,30,8,22,2024-07-20,-70.1157491568887,8.02835806835992
"127",2024-07-22,-103.632011964473,1.52242764290373,1,20240721,"TD","16:00","16:45",-37.4,22.003,30,7.6,22,2024-07-21,-70.1340365376626,7.61852608378617
"128",2024-07-22,-103.632011964473,1.52242764290373,2,20240721,"TD","16:00","16:45",-22.1,17.993,30,7.4,18,2024-07-21,-76.2389713857065,7.36790644788057
"129",2024-07-22,-103.632011964473,1.52242764290373,3,20240721,"TD","16:00","16:45",-44.1,22.147,30,7.8,22,2024-07-21,-69.9148069570844,7.73235769263158
"130",2024-07-22,-103.632011964473,1.52242764290373,4,20240721,"TD","16:00","16:45",-21.4,18.084,30,7.3,18,2024-07-21,-76.1004304702023,7.35555530996807
"131",2024-07-22,-103.632011964473,1.52242764290373,5,20240721,"TD","16:00","16:45",-43.1,18.028,30,7.7,18,2024-07-21,-76.1856864182049,7.73128765091293
"132",2024-07-22,-103.632011964473,1.52242764290373,6,20240721,"TD","16:00","16:45",-52.2,17.958,30,7.9,18,2024-07-21,-76.2922563532082,7.88910052917483
"133",2024-07-22,-103.632011964473,1.52242764290373,7,20240721,"TD","16:00","16:45",-30.8,18.357,30,7.5,18,2024-07-21,-75.6848077236896,7.51736631628571
"134",2024-07-22,-103.632011964473,1.52242764290373,8,20240721,"TD","16:00","16:45",-33.5,18.051,30,7.6,18,2024-07-21,-76.1506705824181,7.56505307481522
"135",2024-07-22,-103.632011964473,1.52242764290373,9,20240721,"TD","16:00","16:45",-11.9,18.097,30,7.2,18,2024-07-21,-76.0806389108446,7.19113274752345
"136",2024-07-22,-103.632011964473,1.52242764290373,10,20240721,"TD","16:00","16:45",-47.8,18.148,30,7.8,18,2024-07-21,-76.0029951010565,7.81213947202188
"137",2024-07-22,-103.632011964473,1.52242764290373,11,20240721,"TD","16:00","16:45",-29.5,21.959,30,7.5,22,2024-07-21,-70.2010233539503,7.48377008215721
"138",2024-07-22,-103.632011964473,1.52242764290373,12,20240721,"TD","16:00","16:45",-24.6,22.096,30,7.4,22,2024-07-21,-69.9924507668725,7.39970025420602
"139",2024-07-22,-103.632011964473,1.52242764290373,13,20240721,"TD","16:00","16:45",-58.4,18.042,30,8,18,2024-07-21,-76.1643724312043,7.99603663581481
"140",2024-07-22,-103.632011964473,1.52242764290373,14,20240721,"TD","16:00","16:45",-11.3,22.308,30,7.2,22,2024-07-21,-69.6696961065769,7.17223230819945
"141",2024-07-22,-103.632011964473,1.52242764290373,15,20240721,"TD","16:00","16:45",-40.7,21.977,30,7.7,22,2024-07-21,-70.1736196563781,7.67497204918703
"142",2024-07-22,-103.632011964473,1.52242764290373,17,20240721,"TD","16:00","16:45",-53.4,21.921,30,7.9,22,2024-07-21,-70.2588756043807,7.89209751993789
"143",2024-07-22,-103.632011964473,1.52242764290373,18,20240721,"TD","16:00","16:45",-20,22.109,30,7.3,22,2024-07-21,-69.9726592075148,7.32114594005169
"144",2024-07-22,-103.632011964473,1.52242764290373,19,20240721,"TD","16:00","16:45",-61.6,21.949,30,8,22,2024-07-21,-70.2162476303794,8.03201295547372
"145",2024-07-22,-103.632011964473,1.52242764290373,1,20240722,"TD","14:57","15:23",-35.7,21.981,30,7.6,22,2024-07-22,-70.1675299458065,7.58957499941184
"146",2024-07-22,-103.632011964473,1.52242764290373,2,20240722,"TD","14:57","15:23",-23.8,17.973,30,7.4,18,2024-07-22,-76.2694199385646,7.39738820672352
"147",2024-07-22,-103.632011964473,1.52242764290373,3,20240722,"TD","14:57","15:23",-44.9,22.077,30,7.8,22,2024-07-22,-70.0213768920877,7.74629231520844
"148",2024-07-22,-103.632011964473,1.52242764290373,4,20240722,"TD","14:57","15:23",-20.1,18.05,30,7.3,18,2024-07-22,-76.152193010061,7.33314374211494
"149",2024-07-22,-103.632011964473,1.52242764290373,5,20240722,"TD","14:57","15:23",-42.5,18.032,30,7.7,18,2024-07-22,-76.1795967076333,7.72088742026036
"150",2024-07-22,-103.632011964473,1.52242764290373,6,20240722,"TD","14:57","15:23",-50.8,17.979,30,7.9,18,2024-07-22,-76.2602853727072,7.86477252175401
"151",2024-07-22,-103.632011964473,1.52242764290373,7,20240722,"TD","14:57","15:23",-31,17.955,30,7.5,18,2024-07-22,-76.2968236361369,7.52208745742827
"152",2024-07-22,-103.632011964473,1.52242764290373,8,20240722,"TD","14:57","15:23",-36.3,18.042,30,7.6,18,2024-07-22,-76.1643724312043,7.6135433694685
"153",2024-07-22,-103.632011964473,1.52242764290373,9,20240722,"TD","14:57","15:23",-13.3,17.886,30,7.2,18,2024-07-22,-76.4018711434973,7.21579913337674
"154",2024-07-22,-103.632011964473,1.52242764290373,10,20240722,"TD","14:57","15:23",-48.6,18.148,30,7.8,18,2024-07-22,-76.0029951010565,7.82598034374804
"155",2024-07-22,-103.632011964473,1.52242764290373,11,20240722,"TD","14:57","15:23",-29.6,22.258,30,7.5,22,2024-07-22,-69.7458174887221,7.48454125468082
"156",2024-07-22,-103.632011964473,1.52242764290373,12,20240722,"TD","14:57","15:23",-21.7,22.023,30,7.4,22,2024-07-22,-70.1035879848045,7.35039323905757
"157",2024-07-22,-103.632011964473,1.52242764290373,13,20240722,"TD","14:57","15:23",-59.6,17.987,30,8,18,2024-07-22,-76.248105951564,8.01707176275349
"158",2024-07-22,-103.632011964473,1.52242764290373,14,20240722,"TD","14:57","15:23",-12.1,21.992,30,7.2,22,2024-07-22,-70.1507832417345,7.18654884642685
"159",2024-07-22,-103.632011964473,1.52242764290373,15,20240722,"TD","14:57","15:23",-40.8,22.167,30,7.7,22,2024-07-22,-69.8843584042264,7.6759616595023
"160",2024-07-22,-103.632011964473,1.52242764290373,17,20240722,"TD","14:57","15:23",-51.8,21.868,30,7.9,22,2024-07-22,-70.3395642694546,7.86500361610711
"161",2024-07-22,-103.632011964473,1.52242764290373,18,20240722,"TD","14:57","15:23",-19.6,22.128,30,7.3,22,2024-07-22,-69.9437330822996,7.3142698072313
"162",2024-07-22,-103.632011964473,1.52242764290373,19,20240722,"TD","14:57","15:23",-61.6,21.925,30,8,22,2024-07-22,-70.2527858938091,8.03213249019621
"163",2024-07-22,-103.632011964473,1.52242764290373,1,20240723,"TD","10:30","11:00",-35.9,21.927,30,7.6,22,2024-07-23,-70.2497410385233,7.59317892684508
"164",2024-07-22,-103.632011964473,1.52242764290373,2,20240723,"TD","10:30","11:00",-20.8,17.677,30,7.4,18,2024-07-23,-76.7200585208641,7.34620302110748
"165",2024-07-22,-103.632011964473,1.52242764290373,3,20240723,"TD","10:30","11:00",-47.7,21.87,30,7.8,22,2024-07-23,-70.3365194141688,7.7949552394441
"166",2024-07-22,-103.632011964473,1.52242764290373,4,20240723,"TD","10:30","11:00",-18.1,17.958,30,7.3,18,2024-07-23,-76.2922563532082,7.29874831283167
"167",2024-07-22,-103.632011964473,1.52242764290373,5,20240723,"TD","10:30","11:00",-42.1,17.982,30,7.7,18,2024-07-23,-76.2557180897785,7.71415426385553
"168",2024-07-22,-103.632011964473,1.52242764290373,6,20240723,"TD","10:30","11:00",-49.4,17.879,30,7.9,18,2024-07-23,-76.4125281369976,7.84096036591867
"169",2024-07-22,-103.632011964473,1.52242764290373,7,20240723,"TD","10:30","11:00",-33.2,18.122,30,7.5,18,2024-07-23,-76.042578219772,7.5596286656495
"170",2024-07-22,-103.632011964473,1.52242764290373,8,20240723,"TD","10:30","11:00",-34.8,18.044,30,7.6,18,2024-07-23,-76.1613275759185,7.58757555374311
"171",2024-07-22,-103.632011964473,1.52242764290373,9,20240723,"TD","10:30","11:00",-13.5,17.834,30,7.2,18,2024-07-23,-76.4810373809282,7.21937153692488
"172",2024-07-22,-103.632011964473,1.52242764290373,10,20240723,"TD","10:30","11:00",-47.8,18.164,30,7.8,18,2024-07-23,-75.97863625877,7.81207322355118
"173",2024-07-22,-103.632011964473,1.52242764290373,11,20240723,"TD","10:30","11:00",-28.8,22.212,30,7.5,22,2024-07-23,-69.8158491602957,7.47103504957632
"174",2024-07-22,-103.632011964473,1.52242764290373,12,20240723,"TD","10:30","11:00",-25.3,21.925,30,7.4,22,2024-07-23,-70.2527858938091,7.41214179905509
"175",2024-07-22,-103.632011964473,1.52242764290373,13,20240723,"TD","10:30","11:00",-56.3,17.952,30,8,18,2024-07-23,-76.3013909190656,7.96010916295581
"176",2024-07-22,-103.632011964473,1.52242764290373,14,20240723,"TD","10:30","11:00",-11.8,22.064,30,7.2,22,2024-07-23,-70.0411684514455,7.18127484789786
"177",2024-07-22,-103.632011964473,1.52242764290373,15,20240723,"TD","10:30","11:00",-40.5,22.123,30,7.7,22,2024-07-23,-69.9513452205141,7.67100755027041
"178",2024-07-22,-103.632011964473,1.52242764290373,17,20240723,"TD","10:30","11:00",-50.9,21.896,30,7.9,22,2024-07-23,-70.2969362954533,7.8495068807339
"179",2024-07-22,-103.632011964473,1.52242764290373,18,20240723,"TD","10:30","11:00",-19.7,22.016,30,7.3,22,2024-07-23,-70.1142449783048,7.31626321754974
"180",2024-07-22,-103.632011964473,1.52242764290373,19,20240723,"TD","10:30","11:00",-61.1,21.837,30,8,22,2024-07-23,-70.3867595263846,8.02402837145652
"181",2024-07-22,-103.632011964473,1.52242764290373,1,20240724,"TD","9:45","10:40",-36.8,21.972,30,7.6,22,2024-07-24,-70.1812317945926,7.60839094546569
"182",2024-07-22,-103.632011964473,1.52242764290373,2,20240724,"TD","9:45","10:40",-25.5,17.641,30,7.4,18,2024-07-24,-76.7748659160087,7.42775094730987
"183",2024-07-22,-103.632011964473,1.52242764290373,3,20240724,"TD","9:45","10:40",-47.8,21.726,30,7.8,22,2024-07-24,-70.5557489947469,7.79726541178599
"184",2024-07-22,-103.632011964473,1.52242764290373,4,20240724,"TD","9:45","10:40",-24.9,17.974,30,7.3,18,2024-07-24,-76.2678975109217,7.4164280677293
"185",2024-07-22,-103.632011964473,1.52242764290373,5,20240724,"TD","9:45","10:40",-42.3,17.935,30,7.7,18,2024-07-24,-76.327272188995,7.71779562896293
"186",2024-07-22,-103.632011964473,1.52242764290373,6,20240724,"TD","9:45","10:40",-49.2,17.832,30,7.9,18,2024-07-24,-76.484082236214,7.8376953846744
"187",2024-07-22,-103.632011964473,1.52242764290373,7,20240724,"TD","9:45","10:40",-29.9,17.871,30,7.5,18,2024-07-24,-76.4247075581408,7.5033018726166
"188",2024-07-22,-103.632011964473,1.52242764290373,8,20240724,"TD","9:45","10:40",-34.6,17.952,30,7.6,18,2024-07-24,-76.3013909190656,7.58442273659024
"189",2024-07-22,-103.632011964473,1.52242764290373,9,20240724,"TD","9:45","10:40",-13.3,17.77,30,7.2,18,2024-07-24,-76.5784727500741,7.21604099075282
"190",2024-07-22,-103.632011964473,1.52242764290373,10,20240724,"TD","9:45","10:40",-47.9,17.989,30,7.8,18,2024-07-24,-76.2450610962782,7.81452878226273
"191",2024-07-22,-103.632011964473,1.52242764290373,11,20240724,"TD","9:45","10:40",-32.8,22.292,30,7.5,22,2024-07-24,-69.6940549488634,7.53902155649804
"192",2024-07-22,-103.632011964473,1.52242764290373,12,20240724,"TD","9:45","10:40",-26.5,21.916,30,7.4,22,2024-07-24,-70.2664877425952,7.43266389755352
"193",2024-07-22,-103.632011964473,1.52242764290373,13,20240724,"TD","9:45","10:40",-57.6,17.903,30,8,18,2024-07-24,-76.3759898735679,7.98284710377479
"194",2024-07-22,-103.632011964473,1.52242764290373,14,20240724,"TD","9:45","10:40",-10.1,21.887,30,7.2,22,2024-07-24,-70.3106381442394,7.15260733325105
"195",2024-07-22,-103.632011964473,1.52242764290373,15,20240724,"TD","9:45","10:40",-41.3,22.225,30,7.7,22,2024-07-24,-69.7960576009379,7.68427347487265
"196",2024-07-22,-103.632011964473,1.52242764290373,17,20240724,"TD","9:45","10:40",-50.1,21.842,30,7.9,22,2024-07-24,-70.3791473881701,7.83607478949167
"197",2024-07-22,-103.632011964473,1.52242764290373,18,20240724,"TD","9:45","10:40",-19.1,22.057,30,7.3,22,2024-07-24,-70.0518254449458,7.30591513468844
"198",2024-07-22,-103.632011964473,1.52242764290373,19,20240724,"TD","9:45","10:40",-61.2,21.85,30,8,22,2024-07-24,-70.3669679670269,8.0256724094042
"199",2024-07-25,-131.631480507899,1.45284620663453,1,20240725,"SH","12:40","13:08",-67.7,21.293,30,7.6,22,2024-07-25,-100.69602623003,7.63508109703292
"200",2024-07-25,-131.631480507899,1.45284620663453,2,20240725,"SH","12:40","13:08",-56.3,17.701,30,7.4,18,2024-07-25,-105.914649804261,7.45476729851032
"201",2024-07-25,-131.631480507899,1.45284620663453,3,20240725,"SH","12:40","13:08",-79.7,21.686,30,7.8,22,2024-07-25,-100.125057670823,7.83831311400068
"202",2024-07-25,-131.631480507899,1.45284620663453,4,20240725,"SH","12:40","13:08",-55.8,18.066,30,7.3,18,2024-07-25,-105.38436093884,7.44461434095229
"203",2024-07-25,-131.631480507899,1.45284620663453,5,20240725,"SH","12:40","13:08",-72.5,17.938,30,7.7,18,2024-07-25,-105.570325253289,7.73427328578564
"204",2024-07-25,-131.631480507899,1.45284620663453,6,20240725,"SH","12:40","13:08",-79.2,17.873,30,7.9,18,2024-07-25,-105.66476025672,7.85062989377365
"205",2024-07-25,-131.631480507899,1.45284620663453,7,20240725,"SH","12:40","13:08",-62.4,17.891,30,7.5,18,2024-07-25,-105.638609025001,7.55961642779181
"206",2024-07-25,-131.631480507899,1.45284620663453,8,20240725,"SH","12:40","13:08",-63.6,18.028,30,7.6,18,2024-07-25,-105.439569094692,7.57977352573997
"207",2024-07-25,-131.631480507899,1.45284620663453,9,20240725,"SH","12:40","13:08",-43.1,17.978,30,7.2,18,2024-07-25,-105.512211405024,7.22512129425781
"208",2024-07-25,-131.631480507899,1.45284620663453,10,20240725,"SH","12:40","13:08",-77.7,18.139,30,7.8,18,2024-07-25,-105.278303165755,7.82322198541484
"209",2024-07-25,-131.631480507899,1.45284620663453,11,20240725,"SH","12:40","13:08",-60.4,22.063,30,7.5,22,2024-07-25,-99.5773346509215,7.50675402591916
"210",2024-07-25,-131.631480507899,1.45284620663453,12,20240725,"SH","12:40","13:08",-58.1,21.909,30,7.4,22,2024-07-25,-99.8010729667432,7.46814500470528
"211",2024-07-25,-131.631480507899,1.45284620663453,13,20240725,"SH","12:40","13:08",-56.6,18.117,30,8,18,2024-07-25,-105.310265782301,7.45824854963034
"212",2024-07-25,-131.631480507899,1.45284620663453,14,20240725,"SH","12:40","13:08",-39.3,21.939,30,7.2,22,2024-07-25,-99.7574875805442,7.1469354112047
"213",2024-07-25,-131.631480507899,1.45284620663453,15,20240725,"SH","12:40","13:08",-70.9,22.114,30,7.7,22,2024-07-25,-99.5032394943831,7.68575135034027
"214",2024-07-25,-131.631480507899,1.45284620663453,17,20240725,"SH","12:40","13:08",-80,21.884,30,7.9,22,2024-07-25,-99.8373941219091,7.84234737849495
"215",2024-07-25,-131.631480507899,1.45284620663453,18,20240725,"SH","12:40","13:08",-49,22.048,30,7.3,22,2024-07-25,-99.599127344021,7.31219321907036
"216",2024-07-25,-131.631480507899,1.45284620663453,19,20240725,"SH","12:40","13:08",-91,21.838,30,8,22,2024-07-25,-99.9042250474143,8.03053288617302
"217",2024-07-25,-131.631480507899,1.45284620663453,1,20240726,"TD","10:13","11:08",-64.1,22.017,30,7.6,22,2024-07-26,-99.6441655764267,7.57013100868915
"218",2024-07-25,-131.631480507899,1.45284620663453,2,20240726,"TD","10:13","11:08",-55.6,17.581,30,7.4,18,2024-07-26,-106.088991349057,7.4431258929794
"219",2024-07-25,-131.631480507899,1.45284620663453,3,20240726,"TD","10:13","11:08",-75.3,21.697,30,7.8,22,2024-07-26,-100.10907636255,7.7630440464934
"220",2024-07-25,-131.631480507899,1.45284620663453,4,20240726,"TD","10:13","11:08",-53.2,17.296,30,7.3,18,2024-07-26,-106.503052517948,7.40264009220806
"221",2024-07-25,-131.631480507899,1.45284620663453,5,20240726,"TD","10:13","11:08",-72.2,17.918,30,7.7,18,2024-07-26,-105.599382177422,7.72918032560374
"222",2024-07-25,-131.631480507899,1.45284620663453,6,20240726,"TD","10:13","11:08",-80.5,17.865,30,7.9,18,2024-07-26,-105.676383026373,7.8731869593911
"223",2024-07-25,-131.631480507899,1.45284620663453,7,20240726,"TD","10:13","11:08",-63.3,17.997,30,7.5,18,2024-07-26,-105.484607327098,7.57472137953437
"224",2024-07-25,-131.631480507899,1.45284620663453,8,20240726,"TD","10:13","11:08",-67.7,17.929,30,7.6,18,2024-07-26,-105.583400869149,7.65121123504246
"225",2024-07-25,-131.631480507899,1.45284620663453,9,20240726,"TD","10:13","11:08",-42.2,17.994,30,7.2,18,2024-07-26,-105.488965865717,7.20948887290644
"226",2024-07-25,-131.631480507899,1.45284620663453,10,20240726,"TD","10:13","11:08",-77.3,18.09,30,7.8,18,2024-07-26,-105.34949262988,7.81656390227403
"227",2024-07-25,-131.631480507899,1.45284620663453,11,20240726,"TD","10:13","11:08",-61.7,22.035,30,7.5,22,2024-07-26,-99.6180143447073,7.52907225740075
"228",2024-07-25,-131.631480507899,1.45284620663453,12,20240726,"TD","10:13","11:08",-56.5,22.039,30,7.4,22,2024-07-26,-99.6122029598807,7.44027459434172
"229",2024-07-25,-131.631480507899,1.45284620663453,13,20240726,"TD","10:13","11:08",-86.5,17.917,30,8,18,2024-07-26,-105.600835023628,7.97678731218665
"230",2024-07-25,-131.631480507899,1.45284620663453,14,20240726,"TD","10:13","11:08",-44.8,22.037,30,7.2,22,2024-07-26,-99.615108652294,7.24052703721657
"231",2024-07-25,-131.631480507899,1.45284620663453,15,20240726,"TD","10:13","11:08",-71,21.832,30,7.7,22,2024-07-26,-99.9129421246541,7.6888694929098
"232",2024-07-25,-131.631480507899,1.45284620663453,17,20240726,"TD","10:13","11:08",-80.2,21.81,30,7.9,22,2024-07-26,-99.9449047412,7.84617345007452
"233",2024-07-25,-131.631480507899,1.45284620663453,18,20240726,"TD","10:13","11:08",-49,21.993,30,7.3,22,2024-07-26,-99.6790338853859,7.31239850035675
"234",2024-07-25,-131.631480507899,1.45284620663453,19,20240726,"TD","10:13","11:08",-90.1,21.775,30,8,22,2024-07-26,-99.9957543584322,8.01554157111902
"235",2024-07-25,-131.631480507899,1.45284620663453,1,20240727,"TD","11:57","12:23",-65.8,21.971,30,7.6,22,2024-07-27,-99.7109965019319,7.59937371319979
"236",2024-07-25,-131.631480507899,1.45284620663453,2,20240727,"TD","11:57","12:23",-51.6,17.787,30,7.4,18,2024-07-27,-105.789705030491,7.37299793137662
"237",2024-07-25,-131.631480507899,1.45284620663453,3,20240727,"TD","11:57","12:23",-81.6,21.926,30,7.8,22,2024-07-27,-99.7763745812304,7.86944265542653
"238",2024-07-25,-131.631480507899,1.45284620663453,4,20240727,"TD","11:57","12:23",-49.4,18.11,30,7.3,18,2024-07-27,-105.320435705748,7.33369335344454
"239",2024-07-25,-131.631480507899,1.45284620663453,5,20240727,"TD","11:57","12:23",-72.5,17.89,30,7.7,18,2024-07-27,-105.640061871207,7.73451680955057
"240",2024-07-25,-131.631480507899,1.45284620663453,6,20240727,"TD","11:57","12:23",-83.2,17.783,30,7.9,18,2024-07-27,-105.795516415317,7.92041358031555
"241",2024-07-25,-131.631480507899,1.45284620663453,7,20240727,"TD","11:57","12:23",-58.1,17.836,30,7.5,18,2024-07-27,-105.718515566366,7.48538795705352
"242",2024-07-25,-131.631480507899,1.45284620663453,8,20240727,"TD","11:57","12:23",-63.6,17.972,30,7.6,18,2024-07-27,-105.520928482263,7.58002800296865
"243",2024-07-25,-131.631480507899,1.45284620663453,9,20240727,"TD","11:57","12:23",-42.1,17.896,30,7.2,18,2024-07-27,-105.631344793968,7.20807785083645
"244",2024-07-25,-131.631480507899,1.45284620663453,10,20240727,"TD","11:57","12:23",-77.8,17.981,30,7.8,18,2024-07-27,-105.507852866404,7.82580350424957
"245",2024-07-25,-131.631480507899,1.45284620663453,11,20240727,"TD","11:57","12:23",-61.2,21.989,30,7.5,22,2024-07-27,-99.6848452702124,7.52073977003121
"246",2024-07-25,-131.631480507899,1.45284620663453,12,20240727,"TD","11:57","12:23",-52.1,21.985,30,7.4,22,2024-07-27,-99.690656655039,7.36536445428401
"247",2024-07-25,-131.631480507899,1.45284620663453,13,20240727,"TD","11:57","12:23",-86.4,18.985,30,8,18,2024-07-27,-104.049195274943,7.96875736534844
"248",2024-07-25,-131.631480507899,1.45284620663453,14,20240727,"TD","11:57","12:23",-36.3,21.869,30,7.2,22,2024-07-27,-99.8591868150086,7.0959085940741
"249",2024-07-25,-131.631480507899,1.45284620663453,15,20240727,"TD","11:57","12:23",-72.5,21.969,30,7.7,22,2024-07-27,-99.7139021943451,7.71379960272979
"250",2024-07-25,-131.631480507899,1.45284620663453,17,20240727,"TD","11:57","12:23",-84.3,21.86,30,7.9,22,2024-07-27,-99.8722624308683,7.91593857528536
"251",2024-07-25,-131.631480507899,1.45284620663453,18,20240727,"TD","11:57","12:23",-48.8,21.942,30,7.3,22,2024-07-27,-99.7531290419243,7.30917307218329
"252",2024-07-25,-131.631480507899,1.45284620663453,19,20240727,"TD","11:57","12:23",-91.3,21.747,30,8,22,2024-07-27,-100.036434052218,8.03622056142524
"253",2024-07-25,-131.631480507899,1.45284620663453,1,20240728,"TD","11:45","12:25",-66.7,21.128,30,7.6,22,2024-07-28,-100.935745854125,7.61874815436714
"254",2024-07-25,-131.631480507899,1.45284620663453,2,20240728,"TD","11:45","12:25",-50.5,17.776,30,7.4,18,2024-07-28,-105.805686338764,7.35398451772454
"255",2024-07-25,-131.631480507899,1.45284620663453,3,20240728,"TD","11:45","12:25",-81.7,21.982,30,7.8,22,2024-07-28,-99.6950151936589,7.87083569484396
"256",2024-07-25,-131.631480507899,1.45284620663453,4,20240728,"TD","11:45","12:25",-47.7,18.053,30,7.3,18,2024-07-28,-105.403247939526,7.30448284837151
"257",2024-07-25,-131.631480507899,1.45284620663453,5,20240728,"TD","11:45","12:25",-73.2,17.892,30,7.7,18,2024-07-28,-105.637156178794,7.74662807806482
"258",2024-07-25,-131.631480507899,1.45284620663453,6,20240728,"TD","11:45","12:25",-83.8,17.766,30,7.9,18,2024-07-28,-105.82021480083,7.93090494600538
"259",2024-07-25,-131.631480507899,1.45284620663453,7,20240728,"TD","11:45","12:25",-57,17.934,30,7.5,18,2024-07-28,-105.576136638115,7.46592953795905
"260",2024-07-25,-131.631480507899,1.45284620663453,8,20240728,"TD","11:45","12:25",-64.8,17.945,30,7.6,18,2024-07-28,-105.560155329843,7.6009264795555
"261",2024-07-25,-131.631480507899,1.45284620663453,9,20240728,"TD","11:45","12:25",-42.6,17.809,30,7.2,18,2024-07-28,-105.757742413945,7.21702246280771
"262",2024-07-25,-131.631480507899,1.45284620663453,10,20240728,"TD","11:45","12:25",-77.9,17.896,30,7.8,18,2024-07-28,-105.631344793968,7.82799314526039
"263",2024-07-25,-131.631480507899,1.45284620663453,11,20240728,"TD","11:45","12:25",-58.9,22.118,30,7.5,22,2024-07-28,-99.4974281095566,7.48090971723721
"264",2024-07-25,-131.631480507899,1.45284620663453,12,20240728,"TD","11:45","12:25",-55,21.978,30,7.4,22,2024-07-28,-99.7008265784854,7.41491387333939
"265",2024-07-25,-131.631480507899,1.45284620663453,13,20240728,"TD","11:45","12:25",-86.9,17.993,30,8,18,2024-07-28,-105.490418711924,7.98326257659329
"266",2024-07-25,-131.631480507899,1.45284620663453,14,20240728,"TD","11:45","12:25",-39.3,21.96,30,7.2,22,2024-07-28,-99.7269778102048,7.14686884732318
"267",2024-07-25,-131.631480507899,1.45284620663453,15,20240728,"TD","11:45","12:25",-71.1,21.95,30,7.7,22,2024-07-28,-99.7415062722712,7.68998687406398
"268",2024-07-25,-131.631480507899,1.45284620663453,17,20240728,"TD","11:45","12:25",-84.6,21.853,30,7.9,22,2024-07-28,-99.8824323543147,7.92110413083191
"269",2024-07-25,-131.631480507899,1.45284620663453,18,20240728,"TD","11:45","12:25",-49.5,22.023,30,7.3,22,2024-07-28,-99.6354484991869,7.32082351709809
"270",2024-07-25,-131.631480507899,1.45284620663453,19,20240728,"TD","11:45","12:25",-91.6,21.796,30,8,22,2024-07-28,-99.9652445880929,8.04104393098695
"271",2024-07-29,-132.666811262437,1.4830137840324,1,20240729,"VH","11:50","12:32",-68.8,21.783,30,7.6,22,2024-07-29,-100.362322004859,7.64505888730468
"272",2024-07-29,-132.666811262437,1.4830137840324,2,20240729,"VH","11:50","12:32",-54.6,17.868,30,7.4,18,2024-07-29,-106.168320969346,7.41604622429666
"273",2024-07-29,-132.666811262437,1.4830137840324,3,20240729,"VH","11:50","12:32",-86,22.043,30,7.8,22,2024-07-29,-99.9767384210109,7.93758284467442
"274",2024-07-29,-132.666811262437,1.4830137840324,4,20240729,"VH","11:50","12:32",-49.9,17.978,30,7.3,18,2024-07-29,-106.005189453103,7.33430336461033
"275",2024-07-29,-132.666811262437,1.4830137840324,5,20240729,"VH","11:50","12:32",-73.9,17.902,30,7.7,18,2024-07-29,-106.117898500689,7.75012195966796
"276",2024-07-29,-132.666811262437,1.4830137840324,6,20240729,"VH","11:50","12:32",-83.1,17.75,30,7.9,18,2024-07-29,-106.343316595862,7.91020966737662
"277",2024-07-29,-132.666811262437,1.4830137840324,7,20240729,"VH","11:50","12:32",-62.2,17.556,30,7.5,18,2024-07-29,-106.631021269964,7.54888013825019
"278",2024-07-29,-132.666811262437,1.4830137840324,8,20240729,"VH","11:50","12:32",-65.2,17.923,30,7.6,18,2024-07-29,-106.086755211224,7.59938942492054
"279",2024-07-29,-132.666811262437,1.4830137840324,9,20240729,"VH","11:50","12:32",-44.2,17.839,30,7.2,18,2024-07-29,-106.211328369083,7.23602405155434
"280",2024-07-29,-132.666811262437,1.4830137840324,10,20240729,"VH","11:50","12:32",-79.7,18.044,30,7.8,18,2024-07-29,-105.907310543356,7.84985019910122
"281",2024-07-29,-132.666811262437,1.4830137840324,11,20240729,"VH","11:50","12:32",-62.3,21.847,30,7.5,22,2024-07-29,-100.267409122681,7.53373426833163
"282",2024-07-29,-132.666811262437,1.4830137840324,12,20240729,"VH","11:50","12:32",-56.3,21.923,30,7.4,22,2024-07-29,-100.154700075095,7.4309545934093
"283",2024-07-29,-132.666811262437,1.4830137840324,13,20240729,"VH","11:50","12:32",-88.2,18.059,30,8,18,2024-07-29,-105.885065336596,7.9968801558154
"284",2024-07-29,-132.666811262437,1.4830137840324,14,20240729,"VH","11:50","12:32",-39.3,21.845,30,7.2,22,2024-07-29,-100.270375150249,7.14080409303577
"285",2024-07-29,-132.666811262437,1.4830137840324,15,20240729,"VH","11:50","12:32",-75.9,21.99,30,7.7,22,2024-07-29,-100.055338151565,7.76539935084797
"286",2024-07-29,-132.666811262437,1.4830137840324,17,20240729,"VH","11:50","12:32",-83.1,21.92,30,7.9,22,2024-07-29,-100.159149116447,7.88870737256368
"287",2024-07-29,-132.666811262437,1.4830137840324,18,20240729,"VH","11:50","12:32",-49.3,21.936,30,7.3,22,2024-07-29,-100.135420895902,7.31135460398567
"288",2024-07-29,-132.666811262437,1.4830137840324,19,20240729,"VH","11:50","12:32",-93.7,21.816,30,8,22,2024-07-29,-100.313382549986,8.07035575951926
"289",2024-07-29,-132.666811262437,1.4830137840324,1,20240730,"TD","13:07","13:45",-69.7,21.876,30,7.6,22,2024-07-30,-100.224401722944,7.66002963422087
"290",2024-07-29,-132.666811262437,1.4830137840324,2,20240730,"TD","13:07","13:45",-56,17.79,30,7.4,18,2024-07-30,-106.283996044501,7.44056711332682
"291",2024-07-29,-132.666811262437,1.4830137840324,3,20240730,"TD","13:07","13:45",-85.9,22.092,30,7.8,22,2024-07-30,-99.9040707455933,7.93561436057893
"292",2024-07-29,-132.666811262437,1.4830137840324,4,20240730,"TD","13:07","13:45",-50.1,18.125,30,7.3,18,2024-07-30,-105.78718642685,7.337296555472
"293",2024-07-29,-132.666811262437,1.4830137840324,5,20240730,"TD","13:07","13:45",-73.3,17.973,30,7.7,18,2024-07-30,-106.012604522023,7.73940811325588
"294",2024-07-29,-132.666811262437,1.4830137840324,6,20240730,"TD","13:07","13:45",-85.4,17.864,30,7.9,18,2024-07-30,-106.174253024482,7.94945364110776
"295",2024-07-29,-132.666811262437,1.4830137840324,7,20240730,"TD","13:07","13:45",-59.5,18.03,30,7.5,18,2024-07-30,-105.928072736333,7.50029586112678
"296",2024-07-29,-132.666811262437,1.4830137840324,8,20240730,"TD","13:07","13:45",-64.3,17.959,30,7.6,18,2024-07-30,-106.033366714999,7.58366118417918
"297",2024-07-29,-132.666811262437,1.4830137840324,9,20240730,"TD","13:07","13:45",-47.3,17.782,30,7.2,18,2024-07-30,-106.295860154773,7.28988658629573
"298",2024-07-29,-132.666811262437,1.4830137840324,10,20240730,"TD","13:07","13:45",-79.8,17.963,30,7.8,18,2024-07-30,-106.027434659863,7.85198235530866
"299",2024-07-29,-132.666811262437,1.4830137840324,11,20240730,"TD","13:07","13:45",-63,21.903,30,7.5,22,2024-07-30,-100.184360350775,7.54546899028383
"300",2024-07-29,-132.666811262437,1.4830137840324,12,20240730,"TD","13:07","13:45",-54.7,21.967,30,7.4,22,2024-07-30,-100.089447468597,7.4034719363731
"301",2024-07-29,-132.666811262437,1.4830137840324,13,20240730,"TD","13:07","13:45",-87.8,18.151,30,8,18,2024-07-30,-105.748628068465,7.98945792871844
"302",2024-07-29,-132.666811262437,1.4830137840324,14,20240730,"TD","13:07","13:45",-40,21.999,30,7.2,22,2024-07-30,-100.041991027508,7.15235148064892
"303",2024-07-29,-132.666811262437,1.4830137840324,15,20240730,"TD","13:07","13:45",-75.3,21.994,30,7.7,22,2024-07-30,-100.049406096428,7.75513496045095
"304",2024-07-29,-132.666811262437,1.4830137840324,17,20240730,"TD","13:07","13:45",-87.9,21.895,30,7.9,22,2024-07-30,-100.196224461048,7.97082713281297
"305",2024-07-29,-132.666811262437,1.4830137840324,18,20240730,"TD","13:07","13:45",-48.9,21.903,30,7.3,22,2024-07-30,-100.184360350775,7.30462820339795
"306",2024-07-29,-132.666811262437,1.4830137840324,19,20240730,"TD","13:07","13:45",-92.6,21.864,30,8,22,2024-07-30,-100.242197888353,8.05128680446384
"307",2024-07-29,-132.666811262437,1.4830137840324,1,20240731,"CB","13:07","13:45",-67,21.862,30,7.6,22,2024-07-31,-100.245163915921,7.61396625194565
"308",2024-07-29,-132.666811262437,1.4830137840324,2,20240731,"CB","13:07","13:45",-54.2,17.781,30,7.4,18,2024-07-31,-106.297343168557,7.40941771652724
"309",2024-07-29,-132.666811262437,1.4830137840324,3,20240731,"CB","13:07","13:45",-84.7,22.037,30,7.8,22,2024-07-31,-99.9856365037151,7.91541976328522
"310",2024-07-29,-132.666811262437,1.4830137840324,4,20240731,"CB","13:07","13:45",-51.1,18.093,30,7.3,18,2024-07-31,-105.834642867939,7.3547030414123
"311",2024-07-29,-132.666811262437,1.4830137840324,5,20240731,"CB","13:07","13:45",-72.8,17.983,30,7.7,18,2024-07-31,-105.997774384182,7.73070697172073
"312",2024-07-29,-132.666811262437,1.4830137840324,6,20240731,"CB","13:07","13:45",-84.8,17.825,30,7.9,18,2024-07-31,-106.23209056206,7.93926774180722
"313",2024-07-29,-132.666811262437,1.4830137840324,7,20240731,"CB","13:07","13:45",-61.7,18.128,30,7.5,18,2024-07-31,-105.782737385498,7.53799340037235
"314",2024-07-29,-132.666811262437,1.4830137840324,8,20240731,"CB","13:07","13:45",-64.4,17.961,30,7.6,18,2024-07-31,-106.030400687431,7.58538433627565
"315",2024-07-29,-132.666811262437,1.4830137840324,9,20240731,"CB","13:07","13:45",-43.1,17.965,30,7.2,18,2024-07-31,-106.024468632295,7.21662331235823
"316",2024-07-29,-132.666811262437,1.4830137840324,10,20240731,"CB","13:07","13:45",-79.4,18.049,30,7.8,18,2024-07-31,-105.899895474436,7.84463335765007
"317",2024-07-29,-132.666811262437,1.4830137840324,11,20240731,"CB","13:07","13:45",-61.9,22.096,30,7.5,22,2024-07-31,-99.8981386904572,7.52591924782203
"318",2024-07-29,-132.666811262437,1.4830137840324,12,20240731,"CB","13:07","13:45",-55.4,22.046,30,7.4,22,2024-07-31,-99.9722893796588,7.41514428217999
"319",2024-07-29,-132.666811262437,1.4830137840324,13,20240731,"CB","13:07","13:45",-87.8,18.058,30,8,18,2024-07-31,-105.88654835038,7.9899630362951
"320",2024-07-29,-132.666811262437,1.4830137840324,14,20240731,"CB","13:07","13:45",-38.8,21.891,30,7.2,22,2024-07-31,-100.202156516184,7.13214227523484
"321",2024-07-29,-132.666811262437,1.4830137840324,15,20240731,"CB","13:07","13:45",-74.6,22.016,30,7.7,22,2024-07-31,-100.01677979318,7.7430791295675
"322",2024-07-29,-132.666811262437,1.4830137840324,17,20240731,"CB","13:07","13:45",-86.7,21.971,30,7.9,22,2024-07-31,-100.083515413461,7.9499209163888
"323",2024-07-29,-132.666811262437,1.4830137840324,18,20240731,"CB","13:07","13:45",-48.8,21.961,30,7.3,22,2024-07-31,-100.098345551302,7.30273553882133
"324",2024-07-29,-132.666811262437,1.4830137840324,19,20240731,"CB","13:07","13:45",-91.9,21.841,30,8,22,2024-07-31,-100.276307205385,8.0394591488594
"325",2024-08-01,-129.654632868984,1.30573507964741,1,20240801,"SH","12:50","13:50",-69.9,21.912,30,7.6,22,2024-08-01,-101.04336580375,7.64838749999656
"326",2024-08-01,-129.654632868984,1.30573507964741,2,20240801,"SH","12:50","13:50",-58.9,17.777,30,7.4,18,2024-08-01,-106.442580358092,7.48843705583879
"327",2024-08-01,-129.654632868984,1.30573507964741,3,20240801,"SH","12:50","13:50",-86.5,21.958,30,7.8,22,2024-08-01,-100.983301990086,7.93153820020893
"328",2024-08-01,-129.654632868984,1.30573507964741,4,20240801,"SH","12:50","13:50",-53,18.044,30,7.3,18,2024-08-01,-106.093949091826,7.38451592007677
"329",2024-08-01,-129.654632868984,1.30573507964741,5,20240801,"SH","12:50","13:50",-74.6,17.961,30,7.7,18,2024-08-01,-106.202325103437,7.7589924195019
"330",2024-08-01,-129.654632868984,1.30573507964741,6,20240801,"SH","12:50","13:50",-88.3,17.848,30,7.9,18,2024-08-01,-106.349873167437,7.99713254774078
"331",2024-08-01,-129.654632868984,1.30573507964741,7,20240801,"SH","12:50","13:50",-64.4,18.1454,30,7.5,18,2024-08-01,-105.96154755475,7.58109914439068
"332",2024-08-01,-129.654632868984,1.30573507964741,8,20240801,"SH","12:50","13:50",-66.9,17.893,30,7.6,18,2024-08-01,-106.291115088853,7.62618132692094
"333",2024-08-01,-129.654632868984,1.30573507964741,9,20240801,"SH","12:50","13:50",-74.6,17.067,30,7.2,18,2024-08-01,-107.369652264641,7.76588888336354
"334",2024-08-01,-129.654632868984,1.30573507964741,10,20240801,"SH","12:50","13:50",-74.7,17.231,30,7.8,18,2024-08-01,-107.155511711579,7.76635813519313
"335",2024-08-01,-129.654632868984,1.30573507964741,11,20240801,"SH","12:50","13:50",-79.2,19.049,30,7.5,22,2024-08-01,-104.78168533678,7.82995881729303
"336",2024-08-01,-129.654632868984,1.30573507964741,12,20240801,"SH","12:50","13:50",-78,17.174,30,7.4,22,2024-08-01,-107.229938611119,7.82408367400042
"337",2024-08-01,-129.654632868984,1.30573507964741,13,20240801,"SH","12:50","13:50",-89.1,18.027,30,8,18,2024-08-01,-106.11614658818,8.00945394398949
"338",2024-08-01,-129.654632868984,1.30573507964741,14,20240801,"SH","12:50","13:50",-45.8,21.851,30,7.2,22,2024-08-01,-101.123015643608,7.23711532239505
"339",2024-08-01,-129.654632868984,1.30573507964741,15,20240801,"SH","12:50","13:50",-74.3,21.788,30,7.7,22,2024-08-01,-101.205276953626,7.72448806163452
"340",2024-08-01,-129.654632868984,1.30573507964741,17,20240801,"SH","12:50","13:50",-87.6,21.786,30,7.9,22,2024-08-01,-101.207888423785,7.95176951596055
"341",2024-08-01,-129.654632868984,1.30573507964741,18,20240801,"SH","12:50","13:50",-52.4,21.905,30,7.3,22,2024-08-01,-101.052505949307,7.34952532155266
"342",2024-08-01,-129.654632868984,1.30573507964741,19,20240801,"SH","12:50","13:50",-95.2,21.763,30,8,22,2024-08-01,-101.237920330617,8.0818394002165
"343",2024-08-01,-129.654632868984,1.30573507964741,1,20240802,"CB","13:00","13:57",-69.7,22.036,30,7.6,22,2024-08-02,-100.881454653873,7.64405768937011
"344",2024-08-01,-129.654632868984,1.30573507964741,2,20240802,"CB","13:00","13:57",-54.7,18.826,30,7.4,18,2024-08-02,-105.072864259542,7.4088415868695
"345",2024-08-01,-129.654632868984,1.30573507964741,3,20240802,"CB","13:00","13:57",-76.5,21.903,30,7.8,22,2024-08-02,-101.055117419467,7.76118791264904
"346",2024-08-01,-129.654632868984,1.30573507964741,4,20240802,"CB","13:00","13:57",-50.7,18.645,30,7.3,18,2024-08-02,-105.309202308958,7.34093428054232
"347",2024-08-01,-129.654632868984,1.30573507964741,5,20240802,"CB","13:00","13:57",-73.5,19.193,30,7.7,18,2024-08-02,-104.593659485311,7.7305492768402
"348",2024-08-01,-129.654632868984,1.30573507964741,6,20240802,"CB","13:00","13:57",-74.6,19.26,30,7.9,18,2024-08-02,-104.506175234975,7.74899760485782
"349",2024-08-01,-129.654632868984,1.30573507964741,7,20240802,"CB","13:00","13:57",-61.5,18.549,30,7.5,18,2024-08-02,-105.434552876604,7.52813198110866
"350",2024-08-01,-129.654632868984,1.30573507964741,8,20240802,"CB","13:00","13:57",-64.6,18.691,30,7.6,18,2024-08-02,-105.249138495294,7.58068316175832
"351",2024-08-01,-129.654632868984,1.30573507964741,13,20240802,"CB","13:00","13:57",-88.6,19.282,30,8,18,2024-08-02,-104.477449063222,7.99010455389004
"352",2024-08-01,-129.654632868984,1.30573507964741,14,20240802,"CB","13:00","13:57",-39,21.888,30,7.2,22,2024-08-02,-101.074703445661,7.12073778447071
"353",2024-08-01,-129.654632868984,1.30573507964741,15,20240802,"CB","13:00","13:57",-73.3,21.848,30,7.7,22,2024-08-02,-101.126932848847,7.70694579431582
"354",2024-08-01,-129.654632868984,1.30573507964741,17,20240802,"CB","13:00","13:57",-74.2,21.827,30,7.9,22,2024-08-02,-101.15435328552,7.72248171313175
"355",2024-08-01,-129.654632868984,1.30573507964741,18,20240802,"CB","13:00","13:57",-50.9,21.9,30,7.3,22,2024-08-02,-101.059034624705,7.32393553947315
"356",2024-08-01,-129.654632868984,1.30573507964741,19,20240802,"CB","13:00","13:57",-95.4,21.778,30,8,22,2024-08-02,-101.218334304422,8.08512431437558
"357",2024-08-01,-129.654632868984,1.30573507964741,1,20240803,"TD","15:00","15:30",-67.7,21.924,30,7.6,22,2024-08-03,-101.027696982794,7.61072361032527
"358",2024-08-01,-129.654632868984,1.30573507964741,2,20240803,"TD","15:00","15:30",-53.6,17.786,30,7.4,18,2024-08-03,-106.430828742375,7.3965662206719
"359",2024-08-01,-129.654632868984,1.30573507964741,3,20240803,"TD","15:00","15:30",-85.3,21.885,30,7.8,22,2024-08-03,-101.0786206509,7.91164879764533
"360",2024-08-01,-129.654632868984,1.30573507964741,4,20240803,"TD","15:00","15:30",-49.5,18.163,30,7.3,18,2024-08-03,-105.938566617348,7.32320128895005
"361",2024-08-01,-129.654632868984,1.30573507964741,5,20240803,"TD","15:00","15:30",-74.6,18.034,30,7.7,18,2024-08-03,-106.107006442622,7.75842996580117
"362",2024-08-01,-129.654632868984,1.30573507964741,6,20240803,"TD","15:00","15:30",-88.3,18.065,30,7.9,18,2024-08-03,-106.066528655153,7.99528362866469
"363",2024-08-01,-129.654632868984,1.30573507964741,7,20240803,"TD","15:00","15:30",-60,17.939,30,7.5,18,2024-08-03,-106.231051275189,7.50638467420105
"364",2024-08-01,-129.654632868984,1.30573507964741,8,20240803,"TD","15:00","15:30",-68.5,17.883,30,7.6,18,2024-08-03,-106.304172439649,7.65396076332641
"365",2024-08-01,-129.654632868984,1.30573507964741,9,20240803,"TD","15:00","15:30",-53.6,19.085,30,7.2,18,2024-08-03,-104.734678873913,7.38818453450945
"366",2024-08-01,-129.654632868984,1.30573507964741,10,20240803,"TD","15:00","15:30",-68,17.893,30,7.8,18,2024-08-03,-106.291115088853,7.64522919990404
"367",2024-08-01,-129.654632868984,1.30573507964741,11,20240803,"TD","15:00","15:30",-58,20.382,30,7.5,22,2024-08-03,-103.04114047561,7.45537305832012
"368",2024-08-01,-129.654632868984,1.30573507964741,12,20240803,"TD","15:00","15:30",-67.9,18.923,30,7.4,22,2024-08-03,-104.946207956816,7.63597816593093
"369",2024-08-01,-129.654632868984,1.30573507964741,13,20240803,"TD","15:00","15:30",-89.8,18.288,30,8,18,2024-08-03,-105.775349732392,8.01932392483438
"370",2024-08-01,-129.654632868984,1.30573507964741,14,20240803,"TD","15:00","15:30",-41.6,21.94,30,7.2,22,2024-08-03,-101.00680522152,7.16485178618084
"371",2024-08-01,-129.654632868984,1.30573507964741,15,20240803,"TD","15:00","15:30",-77,23.206,30,7.7,22,2024-08-03,-99.353744610686,7.75958247850266
"372",2024-08-01,-129.654632868984,1.30573507964741,17,20240803,"TD","15:00","15:30",-88.1,21.989,30,7.9,22,2024-08-03,-100.942824202617,7.95860111909361
"373",2024-08-01,-129.654632868984,1.30573507964741,18,20240803,"TD","15:00","15:30",-51.1,22.002,30,7.3,22,2024-08-03,-100.925849646581,7.32670991664294
"374",2024-08-01,-129.654632868984,1.30573507964741,19,20240803,"TD","15:00","15:30",-95.1,21.792,30,8,22,2024-08-03,-101.200054013307,8.07987408755375
"375",2024-08-01,-129.654632868984,1.30573507964741,1,20240804,"TD","13:30","14:20",-67.5,21.974,30,7.6,22,2024-08-04,-100.962410228812,7.60694558948483
"376",2024-08-01,-129.654632868984,1.30573507964741,2,20240804,"TD","13:30","14:20",-58,17.742,30,7.4,18,2024-08-04,-106.488281085879,7.4730814446943
"377",2024-08-01,-129.654632868984,1.30573507964741,3,20240804,"TD","13:30","14:20",-85.7,21.852,30,7.8,22,2024-08-04,-101.121709908529,7.91875534376384
"378",2024-08-01,-129.654632868984,1.30573507964741,4,20240804,"TD","13:30","14:20",-50.9,18.094,30,7.3,18,2024-08-04,-106.028662337844,7.3478558980316
"379",2024-08-01,-129.654632868984,1.30573507964741,5,20240804,"TD","13:30","14:20",-75.4,17.977,30,7.7,18,2024-08-04,-106.181433342162,7.7727181350378
"380",2024-08-01,-129.654632868984,1.30573507964741,6,20240804,"TD","13:30","14:20",-85,18.02,30,7.9,18,2024-08-04,-106.125286733737,7.9385482573137
"381",2024-08-01,-129.654632868984,1.30573507964741,7,20240804,"TD","13:30","14:20",-60.3,17.996,30,7.5,18,2024-08-04,-106.156624375649,7.51118799132588
"382",2024-08-01,-129.654632868984,1.30573507964741,8,20240804,"TD","13:30","14:20",-65.7,17.88,30,7.6,18,2024-08-04,-106.308089644888,7.60549513478348
"383",2024-08-01,-129.654632868984,1.30573507964741,9,20240804,"TD","13:30","14:20",-45.8,18.228,30,7.2,18,2024-08-04,-105.853693837171,7.25880111986848
"384",2024-08-01,-129.654632868984,1.30573507964741,10,20240804,"TD","13:30","14:20",-80.2,18.019,30,7.8,18,2024-08-04,-106.126592468817,7.85547455713247
"385",2024-08-01,-129.654632868984,1.30573507964741,11,20240804,"TD","13:30","14:20",-48.2,21.867,30,7.5,22,2024-08-04,-101.102123882334,7.27801873268082
"386",2024-08-01,-129.654632868984,1.30573507964741,12,20240804,"TD","13:30","14:20",-83,21.647,30,7.4,22,2024-08-04,-101.389385599856,7.87429783218191
"387",2024-08-01,-129.654632868984,1.30573507964741,13,20240804,"TD","13:30","14:20",-91.1,18.289,30,8,18,2024-08-04,-105.774043997312,8.04179585840307
"388",2024-08-01,-129.654632868984,1.30573507964741,14,20240804,"TD","13:30","14:20",-41.7,21.842,30,7.2,22,2024-08-04,-101.134767259325,7.1671229922043
"389",2024-08-01,-129.654632868984,1.30573507964741,15,20240804,"TD","13:30","14:20",-75.4,22.08,30,7.7,22,2024-08-04,-100.824002310369,7.74103628188722
"390",2024-08-01,-129.654632868984,1.30573507964741,17,20240804,"TD","13:30","14:20",-87.4,21.76,30,7.9,22,2024-08-04,-101.241837535856,7.94857026718437
"391",2024-08-01,-129.654632868984,1.30573507964741,18,20240804,"TD","13:30","14:20",-51.5,21.948,30,7.3,22,2024-08-04,-100.996359340882,7.33388103595864
"392",2024-08-01,-129.654632868984,1.30573507964741,19,20240804,"TD","13:30","14:20",-95.5,21.801,30,8,22,2024-08-04,-101.188302397591,8.08662924005124
"393",2024-08-05,-133.642029286555,1.42355775189437,1,20240805,"VH","10:06","10:47",-71.5,21.97,30,7.6,22,2024-08-05,-102.366465477436,7.65139477184975
"394",2024-08-05,-133.642029286555,1.42355775189437,2,20240805,"VH","10:06","10:47",-61.4,17.671,30,7.4,18,2024-08-05,-108.48634025283,7.49946011739097
"395",2024-08-05,-133.642029286555,1.42355775189437,3,20240805,"VH","10:06","10:47",-82.4,21.811,30,7.8,22,2024-08-05,-102.592811159987,7.83849005642849
"396",2024-08-05,-133.642029286555,1.42355775189437,4,20240805,"VH","10:06","10:47",-61.9,18.057,30,7.3,18,2024-08-05,-107.936846960599,7.50627239905141
"397",2024-08-05,-133.642029286555,1.42355775189437,5,20240805,"VH","10:06","10:47",-73.3,17.858,30,7.7,18,2024-08-05,-108.220134953226,7.70465641287696
"398",2024-08-05,-133.642029286555,1.42355775189437,6,20240805,"VH","10:06","10:47",-85.8,17.843,30,7.9,18,2024-08-05,-108.241488319504,7.92122887009554
"399",2024-08-05,-133.642029286555,1.42355775189437,7,20240805,"VH","10:06","10:47",-62,17.651,30,7.5,18,2024-08-05,-108.514811407868,7.5099538943911
"400",2024-08-05,-133.642029286555,1.42355775189437,8,20240805,"VH","10:06","10:47",-66.8,17.925,30,7.6,18,2024-08-05,-108.124756583849,7.59174618862846
"401",2024-08-05,-133.642029286555,1.42355775189437,9,20240805,"VH","10:06","10:47",-46.6,17.672,30,7.2,18,2024-08-05,-108.484916695078,7.24298012404685
"402",2024-08-05,-133.642029286555,1.42355775189437,10,20240805,"VH","10:06","10:47",-81.1,18.029,30,7.8,18,2024-08-05,-107.976706577652,7.83872345867187
"403",2024-08-05,-133.642029286555,1.42355775189437,11,20240805,"VH","10:06","10:47",-29.5,21.668,30,7.5,22,2024-08-05,-102.796379918508,6.93504928058549
"404",2024-08-05,-133.642029286555,1.42355775189437,12,20240805,"VH","10:06","10:47",-85.4,21.709,30,7.4,22,2024-08-05,-102.738014050681,7.890379526121
"405",2024-08-05,-133.642029286555,1.42355775189437,13,20240805,"VH","10:06","10:47",-91.8,18.037,30,8,18,2024-08-05,-107.965318115637,8.02386816153867
"406",2024-08-05,-133.642029286555,1.42355775189437,14,20240805,"VH","10:06","10:47",-40.3,21.787,30,7.2,22,2024-08-05,-102.626976546033,7.11924529531445
"407",2024-08-05,-133.642029286555,1.42355775189437,15,20240805,"VH","10:06","10:47",-78.4,21.849,30,7.7,22,2024-08-05,-102.538715965415,7.76992552999682
"408",2024-08-05,-133.642029286555,1.42355775189437,17,20240805,"VH","10:06","10:47",-88.6,21.74,30,7.9,22,2024-08-05,-102.693883760372,7.94487693872941
"409",2024-08-05,-133.642029286555,1.42355775189437,18,20240805,"VH","10:06","10:47",-52,21.861,30,7.3,22,2024-08-05,-102.521633272393,7.31885604494521
"410",2024-08-05,-133.642029286555,1.42355775189437,19,20240805,"VH","10:06","10:47",-96.9,21.794,30,8,22,2024-08-05,-102.61701164177,8.08635691079217
"411",2024-08-05,-133.642029286555,1.42355775189437,1,20240806,"TD","14:20","15:00",-71.1,22.054,30,7.6,22,2024-08-06,-102.246886626277,7.64411395854377
"412",2024-08-05,-133.642029286555,1.42355775189437,2,20240806,"TD","14:20","15:00",-57,17.959,30,7.4,18,2024-08-06,-108.076355620284,7.42191234956148
"413",2024-08-05,-133.642029286555,1.42355775189437,3,20240806,"TD","14:20","15:00",-80.3,22.049,30,7.8,22,2024-08-06,-102.254004415036,7.80120736836482
"414",2024-08-05,-133.642029286555,1.42355775189437,4,20240806,"TD","14:20","15:00",-51.2,18.166,30,7.3,18,2024-08-06,-107.781679165642,7.32063903756038
"415",2024-08-05,-133.642029286555,1.42355775189437,5,20240806,"TD","14:20","15:00",-73,17.996,30,7.7,18,2024-08-06,-108.023683983464,7.69870751244666
"416",2024-08-05,-133.642029286555,1.42355775189437,6,20240806,"TD","14:20","15:00",-87.9,17.882,30,7.9,18,2024-08-06,-108.18596956718,7.95735173256752
"417",2024-08-05,-133.642029286555,1.42355775189437,7,20240806,"TD","14:20","15:00",-58.7,18.062,30,7.5,18,2024-08-06,-107.929729171839,7.45086856552663
"418",2024-08-05,-133.642029286555,1.42355775189437,8,20240806,"TD","14:20","15:00",-68.5,17.974,30,7.6,18,2024-08-06,-108.055002254006,7.6209261798174
"419",2024-08-05,-133.642029286555,1.42355775189437,9,20240806,"TD","14:20","15:00",-47.9,18.173,30,7.2,18,2024-08-06,-107.771714261379,7.26352119214805
"420",2024-08-05,-133.642029286555,1.42355775189437,10,20240806,"TD","14:20","15:00",-82.4,18.011,30,7.8,18,2024-08-06,-108.002330617186,7.86133238978846
"421",2024-08-05,-133.642029286555,1.42355775189437,11,20240806,"TD","14:20","15:00",-29.3,22.157,30,7.5,22,2024-08-06,-102.100260177832,6.930194301304
"422",2024-08-05,-133.642029286555,1.42355775189437,12,20240806,"TD","14:20","15:00",-94.3,21.524,30,7.4,22,2024-08-06,-103.001372234781,8.0437391269799
"423",2024-08-05,-133.642029286555,1.42355775189437,13,20240806,"TD","14:20","15:00",-93.1,18.466,30,8,18,2024-08-06,-107.354611840074,8.04351465845469
"424",2024-08-05,-133.642029286555,1.42355775189437,14,20240806,"TD","14:20","15:00",-43.5,22.073,30,7.2,22,2024-08-06,-102.219839028991,7.17285060343834
"425",2024-08-05,-133.642029286555,1.42355775189437,15,20240806,"TD","14:20","15:00",-76,22.26,30,7.7,22,2024-08-06,-101.953633729387,7.72660544946355
"426",2024-08-05,-133.642029286555,1.42355775189437,17,20240806,"TD","14:20","15:00",-88.3,22.069,30,7.9,22,2024-08-06,-102.225533259999,7.93765999627834
"427",2024-08-05,-133.642029286555,1.42355775189437,18,20240806,"TD","14:20","15:00",-53.1,22.045,30,7.3,22,2024-08-06,-102.259698646044,7.33685375004029
"428",2024-08-05,-133.642029286555,1.42355775189437,19,20240806,"TD","14:20","15:00",-96.6,21.812,30,8,22,2024-08-06,-102.591387602235,8.0811077535309
