,TrisCalDate,(Intercept),TTris,tank,date,researcher,start_time,end_time,mV,TempInSitu,Salinity_lab,expected_pH,expected_temp,Sampling_Date,mVTris,pH
19,7/15/2024,-99.45420609,1.26397558,1,20240715,TD,10:45,11:33,-39.6,22.135,30,7.6,22,7/15/2024,-71.47610664,7.629266004
20,7/15/2024,-99.45420609,1.26397558,2,20240715,TD,10:45,11:33,-46.1,19.317,30,7.4,18,7/15/2024,-75.03798982,7.763960848
21,7/15/2024,-99.45420609,1.26397558,3,20240715,TD,10:45,11:33,-55.6,21.23,30,7.8,22,7/15/2024,-72.62000454,7.910459664
22,7/15/2024,-99.45420609,1.26397558,4,20240715,TD,10:45,11:33,-17.3,19.168,30,7.3,18,7/15/2024,-75.22632218,7.268688146
23,7/15/2024,-99.45420609,1.26397558,5,20240715,TD,10:45,11:33,-51.3,18.349,30,7.7,18,7/15/2024,-76.26151818,7.862058895
24,7/15/2024,-99.45420609,1.26397558,6,20240715,TD,10:45,11:33,-50,18.111,30,7.9,18,7/15/2024,-76.56234437,7.841656008
25,7/15/2024,-99.45420609,1.26397558,7,20240715,TD,10:45,11:33,-54.6,17.592,30,7.5,18,7/15/2024,-77.2183477,7.925918768
26,7/15/2024,-99.45420609,1.26397558,8,20240715,TD,10:45,11:33,-37.1,18.202,30,7.6,18,7/15/2024,-76.44732259,7.617720526
27,7/15/2024,-99.45420609,1.26397558,9,20240715,TD,10:45,11:33,-12.9,18.088,30,7.2,18,7/15/2024,-76.59141581,7.199853754
28,7/15/2024,-99.45420609,1.26397558,10,20240715,TD,10:45,11:33,-49.9,18.182,30,7.8,18,7/15/2024,-76.4726021,7.839307532
29,7/15/2024,-99.45420609,1.26397558,11,20240715,TD,10:45,11:33,-25.2,21.649,30,7.5,22,7/15/2024,-72.09039877,7.386994303
30,7/15/2024,-99.45420609,1.26397558,12,20240715,TD,10:45,11:33,-25.3,22.276,30,7.4,22,7/15/2024,-71.29788608,7.384184884
31,7/15/2024,-99.45420609,1.26397558,13,20240715,TD,10:45,11:33,-57.7,19.317,30,8,18,7/15/2024,-75.03798982,7.963851313
32,7/15/2024,-99.45420609,1.26397558,14,20240715,TD,10:45,11:33,-11.4,22.024,30,7.2,22,7/15/2024,-71.61640793,7.148673607
33,7/15/2024,-99.45420609,1.26397558,15,20240715,TD,10:45,11:33,-36.8,22.293,30,7.7,22,7/15/2024,-71.2763985,7.580233517
34,7/15/2024,-99.45420609,1.26397558,17,20240715,TD,10:45,11:33,-50.6,22.04,30,7.9,22,7/15/2024,-71.59618432,7.817831956
35,7/15/2024,-99.45420609,1.26397558,18,20240715,TD,10:45,11:33,-15.9,21.944,30,7.3,22,7/15/2024,-71.71752597,7.226039242
36,7/15/2024,-99.45420609,1.26397558,19,20240715,TD,10:45,11:33,-57,22.07,30,8,22,7/15/2024,-71.55826505,7.926827823
37,7/15/2024,-99.45420609,1.26397558,1,20240716,TD,16:10,16:40,-23.3,22.194,30,7.6,22,7/16/2024,-71.40153208,7.350647619
38,7/15/2024,-99.45420609,1.26397558,2,20240716,TD,16:10,16:40,-24.2,17.917,30,7.4,18,7/16/2024,-76.80755563,7.396624464
39,7/15/2024,-99.45420609,1.26397558,3,20240716,TD,16:10,16:40,-52,23.071,30,7.8,22,7/16/2024,-70.2930255,7.832719425
40,7/15/2024,-99.45420609,1.26397558,4,20240716,TD,16:10,16:40,-17.9,18.821,30,7.3,18,7/16/2024,-75.66492171,7.281390992
41,7/15/2024,-99.45420609,1.26397558,5,20240716,TD,16:10,16:40,-31.1,18.173,30,7.7,18,7/16/2024,-76.48397788,7.514153308
42,7/15/2024,-99.45420609,1.26397558,6,20240716,TD,16:10,16:40,-48.9,18.58,30,7.9,18,7/16/2024,-75.96953982,7.818569244
43,7/15/2024,-99.45420609,1.26397558,7,20240716,TD,16:10,16:40,-30.9,18.62,30,7.5,18,7/16/2024,-75.9189808,7.507307975
44,7/15/2024,-99.45420609,1.26397558,8,20240716,TD,16:10,16:40,-35.2,18.307,30,7.6,18,7/16/2024,-76.31460516,7.584032274
45,7/15/2024,-99.45420609,1.26397558,9,20240716,TD,16:10,16:40,-12.1,18.56,30,7.2,18,7/16/2024,-75.99481933,7.182961102
46,7/15/2024,-99.45420609,1.26397558,10,20240716,TD,16:10,16:40,-49.1,18.388,30,7.8,18,7/16/2024,-76.21222313,7.823685261
47,7/15/2024,-99.45420609,1.26397558,11,20240716,TD,16:10,16:40,-22.9,22.234,30,7.5,22,7/16/2024,-71.35097306,7.343539291
48,7/15/2024,-99.45420609,1.26397558,12,20240716,TD,16:10,16:40,-24.3,22.309,30,7.4,22,7/16/2024,-71.25617489,7.36688966
49,7/15/2024,-99.45420609,1.26397558,13,20240716,TD,16:10,16:40,-57.3,18.695,30,8,18,7/16/2024,-75.82418263,7.962632961
50,7/15/2024,-99.45420609,1.26397558,14,20240716,TD,16:10,16:40,-7.8,22.046,30,7.2,22,7/16/2024,-71.58860046,7.087071266
51,7/15/2024,-99.45420609,1.26397558,15,20240716,TD,16:10,16:40,-36.2,22.386,30,7.7,22,7/16/2024,-71.15884877,7.569269878
52,7/15/2024,-99.45420609,1.26397558,17,20240716,TD,16:10,16:40,-51,22.171,30,7.9,22,7/16/2024,-71.43060352,7.823522454
53,7/15/2024,-99.45420609,1.26397558,18,20240716,TD,16:10,16:40,-12.2,22.179,30,7.3,22,7/16/2024,-71.42049171,7.161333101
54,7/15/2024,-99.45420609,1.26397558,19,20240716,TD,16:10,16:40,-56,22.105,30,8,22,7/16/2024,-71.5140259,7.90944222
55,7/15/2024,-99.45420609,1.26397558,1,20240717,CB,15:08,15:41,-36.4,22.185,30,7.6,22,7/17/2024,-71.41290786,7.574257657
56,7/15/2024,-99.45420609,1.26397558,2,20240717,CB,15:08,15:41,-25.3,17.535,30,7.4,18,7/17/2024,-77.2903943,7.418440928
57,7/15/2024,-99.45420609,1.26397558,3,20240717,CB,15:08,15:41,-51.4,22.265,30,7.8,22,7/17/2024,-71.31178981,7.829529522
58,7/15/2024,-99.45420609,1.26397558,4,20240717,CB,15:08,15:41,-14.2,18.385,30,7.3,18,7/17/2024,-76.21601506,7.22039405
59,7/15/2024,-99.45420609,1.26397558,5,20240717,CB,15:08,15:41,-43.1,18.105,30,7.7,18,7/17/2024,-76.56992822,7.722313144
60,7/15/2024,-99.45420609,1.26397558,6,20240717,CB,15:08,15:41,-48.7,18.067,30,7.9,18,7/17/2024,-76.6179593,7.819541737
61,7/15/2024,-99.45420609,1.26397558,7,20240717,CB,15:08,15:41,-31.6,18.17,30,7.5,18,7/17/2024,-76.48776981,7.522825968
62,7/15/2024,-99.45420609,1.26397558,8,20240717,CB,15:08,15:41,-34.6,18.257,30,7.6,18,7/17/2024,-76.37780394,7.574047036
63,7/15/2024,-99.45420609,1.26397558,9,20240717,CB,15:08,15:41,-11.8,18.195,30,7.2,18,7/17/2024,-76.45617042,7.180129185
64,7/15/2024,-99.45420609,1.26397558,10,20240717,CB,15:08,15:41,-47.8,18.277,30,7.8,18,7/17/2024,-76.35252442,7.802164423
65,7/15/2024,-99.45420609,1.26397558,11,20240717,CB,15:08,15:41,-30.4,22.07,30,7.5,22,7/17/2024,-71.55826505,7.472732718
66,7/15/2024,-99.45420609,1.26397558,12,20240717,CB,15:08,15:41,-22.9,22.302,30,7.4,22,7/17/2024,-71.26502272,7.34305872
67,7/15/2024,-99.45420609,1.26397558,13,20240717,CB,15:08,15:41,-57.5,18.785,30,8,18,7/17/2024,-75.71042483,7.965263954
68,7/15/2024,-99.45420609,1.26397558,14,20240717,CB,15:08,15:41,-13.7,22.304,30,7.2,22,7/17/2024,-71.26249476,7.186113524
69,7/15/2024,-99.45420609,1.26397558,15,20240717,CB,15:08,15:41,-40.5,22.27,30,7.7,22,7/17/2024,-71.30546993,7.643535365
70,7/15/2024,-99.45420609,1.26397558,17,20240717,CB,15:08,15:41,-50,22.385,30,7.9,22,7/17/2024,-71.16011274,7.804609788
71,7/15/2024,-99.45420609,1.26397558,18,20240717,CB,15:08,15:41,-21.5,22.085,30,7.3,22,7/17/2024,-71.53930542,7.320693837
72,7/15/2024,-99.45420609,1.26397558,19,20240717,CB,15:08,15:41,-59.2,21.97,30,8,22,7/17/2024,-71.68466261,7.965301354
73,7/18/2024,-102.2786301,1.464812176,1,20240718,TD,17:45,18:20,-35.7,22.212,30,7.6,22,7/18/2024,-69.74222205,7.590026309
74,7/18/2024,-102.2786301,1.464812176,2,20240718,TD,17:45,18:20,-22.6,17.651,30,7.4,18,7/18/2024,-76.42323039,7.383294181
75,7/18/2024,-102.2786301,1.464812176,3,20240718,TD,17:45,18:20,-56.7,22.311,30,7.8,22,7/18/2024,-69.59720565,7.94778698
76,7/18/2024,-102.2786301,1.464812176,4,20240718,TD,17:45,18:20,-21,18.476,30,7.3,18,7/18/2024,-75.21476034,7.352625626
77,7/18/2024,-102.2786301,1.464812176,5,20240718,TD,17:45,18:20,-42.8,18.114,30,7.7,18,7/18/2024,-75.74502235,7.731124082
78,7/18/2024,-102.2786301,1.464812176,6,20240718,TD,17:45,18:20,-53.9,18.102,30,7.9,18,7/18/2024,-75.7626001,7.92325481
79,7/18/2024,-102.2786301,1.464812176,7,20240718,TD,17:45,18:20,-31.3,17.911,30,7.5,18,7/18/2024,-76.04237922,7.532985804
80,7/18/2024,-102.2786301,1.464812176,8,20240718,TD,17:45,18:20,-33.7,18.259,30,7.6,18,7/18/2024,-75.53262458,7.57303963
81,7/18/2024,-102.2786301,1.464812176,9,20240718,TD,17:45,18:20,-14.2,18.213,30,7.2,18,7/18/2024,-75.60000594,7.235942301
82,7/18/2024,-102.2786301,1.464812176,10,20240718,TD,17:45,18:20,-50.9,18.291,30,7.8,18,7/18/2024,-75.48575059,7.870334159
83,7/18/2024,-102.2786301,1.464812176,11,20240718,TD,17:45,18:20,-29.9,22.073,30,7.5,22,7/18/2024,-69.94583094,7.491635923
84,7/18/2024,-102.2786301,1.464812176,12,20240718,TD,17:45,18:20,-27.8,22.207,30,7.4,22,7/18/2024,-69.74954611,7.455248405
85,7/18/2024,-102.2786301,1.464812176,13,20240718,TD,17:45,18:20,-62.5,18.743,30,8,18,7/18/2024,-74.82365549,8.068204379
86,7/18/2024,-102.2786301,1.464812176,14,20240718,TD,17:45,18:20,-15.5,22.108,30,7.2,22,7/18/2024,-69.89456252,7.245696826
87,7/18/2024,-102.2786301,1.464812176,15,20240718,TD,17:45,18:20,-46.4,22.315,30,7.7,22,7/18/2024,-69.5913464,7.77207621
88,7/18/2024,-102.2786301,1.464812176,17,20240718,TD,17:45,18:20,-53.3,22.163,30,7.9,22,7/18/2024,-69.81399785,7.890604829
89,7/18/2024,-102.2786301,1.464812176,18,20240718,TD,17:45,18:20,-22.4,22.098,30,7.3,22,7/18/2024,-69.90921064,7.363510295
90,7/18/2024,-102.2786301,1.464812176,19,20240718,TD,17:45,18:20,-62.3,21.988,30,8,22,7/18/2024,-70.07033998,8.045249527
91,7/18/2024,-102.2786301,1.464812176,1,20240719,TD,17:30,18:25,-37.7,22.135,30,7.6,22,7/19/2024,-69.85501259,7.62450578
92,7/18/2024,-102.2786301,1.464812176,2,20240719,TD,17:30,18:25,-21.4,17.684,30,7.4,18,7/19/2024,-76.37489159,7.362379153
93,7/18/2024,-102.2786301,1.464812176,3,20240719,TD,17:30,18:25,-46,22.243,30,7.8,22,7/19/2024,-69.69681287,7.765618432
94,7/18/2024,-102.2786301,1.464812176,4,20240719,TD,17:30,18:25,-18.7,18.265,30,7.3,18,7/19/2024,-75.52383571,7.313601566
95,7/18/2024,-102.2786301,1.464812176,5,20240719,TD,17:30,18:25,-42.8,18.083,30,7.7,18,7/19/2024,-75.79043153,7.731274696
96,7/18/2024,-102.2786301,1.464812176,6,20240719,TD,17:30,18:25,-54.5,18.016,30,7.9,18,7/19/2024,-75.88857394,7.934114731
97,7/18/2024,-102.2786301,1.464812176,7,20240719,TD,17:30,18:25,-32.5,17.921,30,7.5,18,7/19/2024,-76.0277311,7.553721561
98,7/18/2024,-102.2786301,1.464812176,8,20240719,TD,17:30,18:25,-33.8,18.208,30,7.6,18,7/19/2024,-75.60733001,7.57498963
99,7/18/2024,-102.2786301,1.464812176,9,20240719,TD,17:30,18:25,-11.3,17.954,30,7.2,18,7/19/2024,-75.9793923,7.186553917
100,7/18/2024,-102.2786301,1.464812176,10,20240719,TD,17:30,18:25,-48.5,18.33,30,7.8,18,7/19/2024,-75.42862292,7.828629232
101,7/18/2024,-102.2786301,1.464812176,11,20240719,TD,17:30,18:25,-30.1,22.031,30,7.5,22,7/19/2024,-70.00735306,7.495224372
102,7/18/2024,-102.2786301,1.464812176,12,20240719,TD,17:30,18:25,-28.5,22.314,30,7.4,22,7/19/2024,-69.59281121,7.466758376
103,7/18/2024,-102.2786301,1.464812176,13,20240719,TD,17:30,18:25,-59,18.718,30,8,18,7/19/2024,-74.8602758,8.007919455
104,7/18/2024,-102.2786301,1.464812176,14,20240719,TD,17:30,18:25,-11.5,22.329,30,7.2,22,7/19/2024,-69.57083903,7.176740695
105,7/18/2024,-102.2786301,1.464812176,15,20240719,TD,17:30,18:25,-43.3,22.169,30,7.7,22,7/19/2024,-69.80520898,7.719916666
106,7/18/2024,-102.2786301,1.464812176,17,20240719,TD,17:30,18:25,-53.2,22.351,30,7.9,22,7/19/2024,-69.53861316,7.887866906
107,7/18/2024,-102.2786301,1.464812176,18,20240719,TD,17:30,18:25,-21,22.127,30,7.3,22,7/19/2024,-69.86673109,7.339507742
108,7/18/2024,-102.2786301,1.464812176,19,20240719,TD,17:30,18:25,-62,21.93,30,8,22,7/19/2024,-70.15529909,8.040474326
109,7/18/2024,-102.2786301,1.464812176,1,20240720,TD,15:00,15:30,-36.7,22.01,30,7.6,22,7/20/2024,-70.03811411,7.608004597
110,7/18/2024,-102.2786301,1.464812176,2,20240720,TD,15:00,15:30,-23.7,17.7,30,7.4,18,7/20/2024,-76.35145459,7.402175622
111,7/18/2024,-102.2786301,1.464812176,3,20240720,TD,15:00,15:30,-48.2,22.222,30,7.8,22,7/20/2024,-69.72757393,7.803262308
112,7/18/2024,-102.2786301,1.464812176,4,20240720,TD,15:00,15:30,-20.3,18.36,30,7.3,18,7/20/2024,-75.38467855,7.340937411
113,7/18/2024,-102.2786301,1.464812176,5,20240720,TD,15:00,15:30,-43.3,18.077,30,7.7,18,7/20/2024,-75.7992204,7.739956501
114,7/18/2024,-102.2786301,1.464812176,6,20240720,TD,15:00,15:30,-54.5,18.033,30,7.9,18,7/20/2024,-75.86367214,7.934020314
115,7/18/2024,-102.2786301,1.464812176,7,20240720,TD,15:00,15:30,-29.8,17.882,30,7.5,18,7/20/2024,-76.08485878,7.507131499
116,7/18/2024,-102.2786301,1.464812176,8,20240720,TD,15:00,15:30,-34.9,18.266,30,7.6,18,7/20/2024,-75.5223709,7.5937623
117,7/18/2024,-102.2786301,1.464812176,9,20240720,TD,15:00,15:30,-13.6,18.066,30,7.2,18,7/20/2024,-75.81533333,7.226023222
118,7/18/2024,-102.2786301,1.464812176,10,20240720,TD,15:00,15:30,-48.5,18.28,30,7.8,18,7/20/2024,-75.50186353,7.828889085
119,7/18/2024,-102.2786301,1.464812176,11,20240720,TD,15:00,15:30,-31.1,22.063,30,7.5,22,7/20/2024,-69.96047907,7.512163273
120,7/18/2024,-102.2786301,1.464812176,12,20240720,TD,15:00,15:30,-28.3,22.245,30,7.4,22,7/20/2024,-69.69388325,7.463626272
121,7/18/2024,-102.2786301,1.464812176,13,20240720,TD,15:00,15:30,-58.4,18.793,30,8,18,7/20/2024,-74.75041488,7.997125375
122,7/18/2024,-102.2786301,1.464812176,14,20240720,TD,15:00,15:30,-11.6,22.07,30,7.2,22,7/20/2024,-69.95022538,7.179244559
123,7/18/2024,-102.2786301,1.464812176,15,20240720,TD,15:00,15:30,-44.2,22.201,30,7.7,22,7/20/2024,-69.75833499,7.735116746
124,7/18/2024,-102.2786301,1.464812176,17,20240720,TD,15:00,15:30,-54.2,22.188,30,7.9,22,7/20/2024,-69.77737754,7.905825535
125,7/18/2024,-102.2786301,1.464812176,18,20240720,TD,15:00,15:30,-19.8,22.1,30,7.3,22,7/20/2024,-69.90628102,7.319122161
126,7/18/2024,-102.2786301,1.464812176,19,20240720,TD,15:00,15:30,-61.3,21.957,30,8,22,7/20/2024,-70.11574916,8.028358068
127,7/22/2024,-103.632012,1.522427643,1,20240721,TD,16:00,16:45,-37.4,22.003,30,7.6,22,7/21/2024,-70.13403654,7.618526084
128,7/22/2024,-103.632012,1.522427643,2,20240721,TD,16:00,16:45,-22.1,17.993,30,7.4,18,7/21/2024,-76.23897139,7.367906448
129,7/22/2024,-103.632012,1.522427643,3,20240721,TD,16:00,16:45,-44.1,22.147,30,7.8,22,7/21/2024,-69.91480696,7.732357693
130,7/22/2024,-103.632012,1.522427643,4,20240721,TD,16:00,16:45,-21.4,18.084,30,7.3,18,7/21/2024,-76.10043047,7.35555531
131,7/22/2024,-103.632012,1.522427643,5,20240721,TD,16:00,16:45,-43.1,18.028,30,7.7,18,7/21/2024,-76.18568642,7.731287651
132,7/22/2024,-103.632012,1.522427643,6,20240721,TD,16:00,16:45,-52.2,17.958,30,7.9,18,7/21/2024,-76.29225635,7.889100529
133,7/22/2024,-103.632012,1.522427643,7,20240721,TD,16:00,16:45,-30.8,18.357,30,7.5,18,7/21/2024,-75.68480772,7.517366316
134,7/22/2024,-103.632012,1.522427643,8,20240721,TD,16:00,16:45,-33.5,18.051,30,7.6,18,7/21/2024,-76.15067058,7.565053075
135,7/22/2024,-103.632012,1.522427643,9,20240721,TD,16:00,16:45,-11.9,18.097,30,7.2,18,7/21/2024,-76.08063891,7.191132748
136,7/22/2024,-103.632012,1.522427643,10,20240721,TD,16:00,16:45,-47.8,18.148,30,7.8,18,7/21/2024,-76.0029951,7.812139472
137,7/22/2024,-103.632012,1.522427643,11,20240721,TD,16:00,16:45,-29.5,21.959,30,7.5,22,7/21/2024,-70.20102335,7.483770082
138,7/22/2024,-103.632012,1.522427643,12,20240721,TD,16:00,16:45,-24.6,22.096,30,7.4,22,7/21/2024,-69.99245077,7.399700254
139,7/22/2024,-103.632012,1.522427643,13,20240721,TD,16:00,16:45,-58.4,18.042,30,8,18,7/21/2024,-76.16437243,7.996036636
140,7/22/2024,-103.632012,1.522427643,14,20240721,TD,16:00,16:45,-11.3,22.308,30,7.2,22,7/21/2024,-69.66969611,7.172232308
141,7/22/2024,-103.632012,1.522427643,15,20240721,TD,16:00,16:45,-40.7,21.977,30,7.7,22,7/21/2024,-70.17361966,7.674972049
142,7/22/2024,-103.632012,1.522427643,17,20240721,TD,16:00,16:45,-53.4,21.921,30,7.9,22,7/21/2024,-70.2588756,7.89209752
143,7/22/2024,-103.632012,1.522427643,18,20240721,TD,16:00,16:45,-20,22.109,30,7.3,22,7/21/2024,-69.97265921,7.32114594
144,7/22/2024,-103.632012,1.522427643,19,20240721,TD,16:00,16:45,-61.6,21.949,30,8,22,7/21/2024,-70.21624763,8.032012955
145,7/22/2024,-103.632012,1.522427643,1,20240722,TD,14:57,15:23,-35.7,21.981,30,7.6,22,7/22/2024,-70.16752995,7.589574999
146,7/22/2024,-103.632012,1.522427643,2,20240722,TD,14:57,15:23,-23.8,17.973,30,7.4,18,7/22/2024,-76.26941994,7.397388207
147,7/22/2024,-103.632012,1.522427643,3,20240722,TD,14:57,15:23,-44.9,22.077,30,7.8,22,7/22/2024,-70.02137689,7.746292315
148,7/22/2024,-103.632012,1.522427643,4,20240722,TD,14:57,15:23,-20.1,18.05,30,7.3,18,7/22/2024,-76.15219301,7.333143742
149,7/22/2024,-103.632012,1.522427643,5,20240722,TD,14:57,15:23,-42.5,18.032,30,7.7,18,7/22/2024,-76.17959671,7.72088742
150,7/22/2024,-103.632012,1.522427643,6,20240722,TD,14:57,15:23,-50.8,17.979,30,7.9,18,7/22/2024,-76.26028537,7.864772522
151,7/22/2024,-103.632012,1.522427643,7,20240722,TD,14:57,15:23,-31,17.955,30,7.5,18,7/22/2024,-76.29682364,7.522087457
152,7/22/2024,-103.632012,1.522427643,8,20240722,TD,14:57,15:23,-36.3,18.042,30,7.6,18,7/22/2024,-76.16437243,7.613543369
153,7/22/2024,-103.632012,1.522427643,9,20240722,TD,14:57,15:23,-13.3,17.886,30,7.2,18,7/22/2024,-76.40187114,7.215799133
154,7/22/2024,-103.632012,1.522427643,10,20240722,TD,14:57,15:23,-48.6,18.148,30,7.8,18,7/22/2024,-76.0029951,7.825980344
155,7/22/2024,-103.632012,1.522427643,11,20240722,TD,14:57,15:23,-29.6,22.258,30,7.5,22,7/22/2024,-69.74581749,7.484541255
156,7/22/2024,-103.632012,1.522427643,12,20240722,TD,14:57,15:23,-21.7,22.023,30,7.4,22,7/22/2024,-70.10358798,7.350393239
157,7/22/2024,-103.632012,1.522427643,13,20240722,TD,14:57,15:23,-59.6,17.987,30,8,18,7/22/2024,-76.24810595,8.017071763
158,7/22/2024,-103.632012,1.522427643,14,20240722,TD,14:57,15:23,-12.1,21.992,30,7.2,22,7/22/2024,-70.15078324,7.186548846
159,7/22/2024,-103.632012,1.522427643,15,20240722,TD,14:57,15:23,-40.8,22.167,30,7.7,22,7/22/2024,-69.8843584,7.67596166
160,7/22/2024,-103.632012,1.522427643,17,20240722,TD,14:57,15:23,-51.8,21.868,30,7.9,22,7/22/2024,-70.33956427,7.865003616
161,7/22/2024,-103.632012,1.522427643,18,20240722,TD,14:57,15:23,-19.6,22.128,30,7.3,22,7/22/2024,-69.94373308,7.314269807
162,7/22/2024,-103.632012,1.522427643,19,20240722,TD,14:57,15:23,-61.6,21.925,30,8,22,7/22/2024,-70.25278589,8.03213249
163,7/22/2024,-103.632012,1.522427643,1,20240723,TD,10:30,11:00,-35.9,21.927,30,7.6,22,7/23/2024,-70.24974104,7.593178927
164,7/22/2024,-103.632012,1.522427643,2,20240723,TD,10:30,11:00,-20.8,17.677,30,7.4,18,7/23/2024,-76.72005852,7.346203021
165,7/22/2024,-103.632012,1.522427643,3,20240723,TD,10:30,11:00,-47.7,21.87,30,7.8,22,7/23/2024,-70.33651941,7.794955239
166,7/22/2024,-103.632012,1.522427643,4,20240723,TD,10:30,11:00,-18.1,17.958,30,7.3,18,7/23/2024,-76.29225635,7.298748313
167,7/22/2024,-103.632012,1.522427643,5,20240723,TD,10:30,11:00,-42.1,17.982,30,7.7,18,7/23/2024,-76.25571809,7.714154264
168,7/22/2024,-103.632012,1.522427643,6,20240723,TD,10:30,11:00,-49.4,17.879,30,7.9,18,7/23/2024,-76.41252814,7.840960366
169,7/22/2024,-103.632012,1.522427643,7,20240723,TD,10:30,11:00,-33.2,18.122,30,7.5,18,7/23/2024,-76.04257822,7.559628666
170,7/22/2024,-103.632012,1.522427643,8,20240723,TD,10:30,11:00,-34.8,18.044,30,7.6,18,7/23/2024,-76.16132758,7.587575554
171,7/22/2024,-103.632012,1.522427643,9,20240723,TD,10:30,11:00,-13.5,17.834,30,7.2,18,7/23/2024,-76.48103738,7.219371537
172,7/22/2024,-103.632012,1.522427643,10,20240723,TD,10:30,11:00,-47.8,18.164,30,7.8,18,7/23/2024,-75.97863626,7.812073224
173,7/22/2024,-103.632012,1.522427643,11,20240723,TD,10:30,11:00,-28.8,22.212,30,7.5,22,7/23/2024,-69.81584916,7.47103505
174,7/22/2024,-103.632012,1.522427643,12,20240723,TD,10:30,11:00,-25.3,21.925,30,7.4,22,7/23/2024,-70.25278589,7.412141799
175,7/22/2024,-103.632012,1.522427643,13,20240723,TD,10:30,11:00,-56.3,17.952,30,8,18,7/23/2024,-76.30139092,7.960109163
176,7/22/2024,-103.632012,1.522427643,14,20240723,TD,10:30,11:00,-11.8,22.064,30,7.2,22,7/23/2024,-70.04116845,7.181274848
177,7/22/2024,-103.632012,1.522427643,15,20240723,TD,10:30,11:00,-40.5,22.123,30,7.7,22,7/23/2024,-69.95134522,7.67100755
178,7/22/2024,-103.632012,1.522427643,17,20240723,TD,10:30,11:00,-50.9,21.896,30,7.9,22,7/23/2024,-70.2969363,7.849506881
179,7/22/2024,-103.632012,1.522427643,18,20240723,TD,10:30,11:00,-19.7,22.016,30,7.3,22,7/23/2024,-70.11424498,7.316263218
180,7/22/2024,-103.632012,1.522427643,19,20240723,TD,10:30,11:00,-61.1,21.837,30,8,22,7/23/2024,-70.38675953,8.024028371
181,7/22/2024,-103.632012,1.522427643,1,20240724,TD,9:45,10:40,-36.8,21.972,30,7.6,22,7/24/2024,-70.18123179,7.608390945
182,7/22/2024,-103.632012,1.522427643,2,20240724,TD,9:45,10:40,-25.5,17.641,30,7.4,18,7/24/2024,-76.77486592,7.427750947
183,7/22/2024,-103.632012,1.522427643,3,20240724,TD,9:45,10:40,-47.8,21.726,30,7.8,22,7/24/2024,-70.55574899,7.797265412
184,7/22/2024,-103.632012,1.522427643,4,20240724,TD,9:45,10:40,-24.9,17.974,30,7.3,18,7/24/2024,-76.26789751,7.416428068
185,7/22/2024,-103.632012,1.522427643,5,20240724,TD,9:45,10:40,-42.3,17.935,30,7.7,18,7/24/2024,-76.32727219,7.717795629
186,7/22/2024,-103.632012,1.522427643,6,20240724,TD,9:45,10:40,-49.2,17.832,30,7.9,18,7/24/2024,-76.48408224,7.837695385
187,7/22/2024,-103.632012,1.522427643,7,20240724,TD,9:45,10:40,-29.9,17.871,30,7.5,18,7/24/2024,-76.42470756,7.503301873
188,7/22/2024,-103.632012,1.522427643,8,20240724,TD,9:45,10:40,-34.6,17.952,30,7.6,18,7/24/2024,-76.30139092,7.584422737
189,7/22/2024,-103.632012,1.522427643,9,20240724,TD,9:45,10:40,-13.3,17.77,30,7.2,18,7/24/2024,-76.57847275,7.216040991
190,7/22/2024,-103.632012,1.522427643,10,20240724,TD,9:45,10:40,-47.9,17.989,30,7.8,18,7/24/2024,-76.2450611,7.814528782
191,7/22/2024,-103.632012,1.522427643,11,20240724,TD,9:45,10:40,-32.8,22.292,30,7.5,22,7/24/2024,-69.69405495,7.539021556
192,7/22/2024,-103.632012,1.522427643,12,20240724,TD,9:45,10:40,-26.5,21.916,30,7.4,22,7/24/2024,-70.26648774,7.432663898
193,7/22/2024,-103.632012,1.522427643,13,20240724,TD,9:45,10:40,-57.6,17.903,30,8,18,7/24/2024,-76.37598987,7.982847104
194,7/22/2024,-103.632012,1.522427643,14,20240724,TD,9:45,10:40,-10.1,21.887,30,7.2,22,7/24/2024,-70.31063814,7.152607333
195,7/22/2024,-103.632012,1.522427643,15,20240724,TD,9:45,10:40,-41.3,22.225,30,7.7,22,7/24/2024,-69.7960576,7.684273475
196,7/22/2024,-103.632012,1.522427643,17,20240724,TD,9:45,10:40,-50.1,21.842,30,7.9,22,7/24/2024,-70.37914739,7.836074789
197,7/22/2024,-103.632012,1.522427643,18,20240724,TD,9:45,10:40,-19.1,22.057,30,7.3,22,7/24/2024,-70.05182544,7.305915135
198,7/22/2024,-103.632012,1.522427643,19,20240724,TD,9:45,10:40,-61.2,21.85,30,8,22,7/24/2024,-70.36696797,8.025672409
199,7/25/2024,-131.6314805,1.452846207,1,20240725,SH,12:40,13:08,-67.7,21.293,30,7.6,22,7/25/2024,-100.6960262,7.635081097
200,7/25/2024,-131.6314805,1.452846207,2,20240725,SH,12:40,13:08,-56.3,17.701,30,7.4,18,7/25/2024,-105.9146498,7.454767299
201,7/25/2024,-131.6314805,1.452846207,3,20240725,SH,12:40,13:08,-79.7,21.686,30,7.8,22,7/25/2024,-100.1250577,7.838313114
202,7/25/2024,-131.6314805,1.452846207,4,20240725,SH,12:40,13:08,-55.8,18.066,30,7.3,18,7/25/2024,-105.3843609,7.444614341
203,7/25/2024,-131.6314805,1.452846207,5,20240725,SH,12:40,13:08,-72.5,17.938,30,7.7,18,7/25/2024,-105.5703253,7.734273286
204,7/25/2024,-131.6314805,1.452846207,6,20240725,SH,12:40,13:08,-79.2,17.873,30,7.9,18,7/25/2024,-105.6647603,7.850629894
205,7/25/2024,-131.6314805,1.452846207,7,20240725,SH,12:40,13:08,-62.4,17.891,30,7.5,18,7/25/2024,-105.638609,7.559616428
206,7/25/2024,-131.6314805,1.452846207,8,20240725,SH,12:40,13:08,-63.6,18.028,30,7.6,18,7/25/2024,-105.4395691,7.579773526
207,7/25/2024,-131.6314805,1.452846207,9,20240725,SH,12:40,13:08,-43.1,17.978,30,7.2,18,7/25/2024,-105.5122114,7.225121294
208,7/25/2024,-131.6314805,1.452846207,10,20240725,SH,12:40,13:08,-77.7,18.139,30,7.8,18,7/25/2024,-105.2783032,7.823221985
209,7/25/2024,-131.6314805,1.452846207,11,20240725,SH,12:40,13:08,-60.4,22.063,30,7.5,22,7/25/2024,-99.57733465,7.506754026
210,7/25/2024,-131.6314805,1.452846207,12,20240725,SH,12:40,13:08,-58.1,21.909,30,7.4,22,7/25/2024,-99.80107297,7.468145005
211,7/25/2024,-131.6314805,1.452846207,13,20240725,SH,12:40,13:08,-56.6,18.117,30,8,18,7/25/2024,-105.3102658,7.45824855
212,7/25/2024,-131.6314805,1.452846207,14,20240725,SH,12:40,13:08,-39.3,21.939,30,7.2,22,7/25/2024,-99.75748758,7.146935411
213,7/25/2024,-131.6314805,1.452846207,15,20240725,SH,12:40,13:08,-70.9,22.114,30,7.7,22,7/25/2024,-99.50323949,7.68575135
214,7/25/2024,-131.6314805,1.452846207,17,20240725,SH,12:40,13:08,-80,21.884,30,7.9,22,7/25/2024,-99.83739412,7.842347378
215,7/25/2024,-131.6314805,1.452846207,18,20240725,SH,12:40,13:08,-49,22.048,30,7.3,22,7/25/2024,-99.59912734,7.312193219
216,7/25/2024,-131.6314805,1.452846207,19,20240725,SH,12:40,13:08,-91,21.838,30,8,22,7/25/2024,-99.90422505,8.030532886
217,7/25/2024,-131.6314805,1.452846207,1,20240726,TD,10:13,11:08,-64.1,22.017,30,7.6,22,7/26/2024,-99.64416558,7.570131009
218,7/25/2024,-131.6314805,1.452846207,2,20240726,TD,10:13,11:08,-55.6,17.581,30,7.4,18,7/26/2024,-106.0889913,7.443125893
219,7/25/2024,-131.6314805,1.452846207,3,20240726,TD,10:13,11:08,-75.3,21.697,30,7.8,22,7/26/2024,-100.1090764,7.763044046
220,7/25/2024,-131.6314805,1.452846207,4,20240726,TD,10:13,11:08,-53.2,17.296,30,7.3,18,7/26/2024,-106.5030525,7.402640092
221,7/25/2024,-131.6314805,1.452846207,5,20240726,TD,10:13,11:08,-72.2,17.918,30,7.7,18,7/26/2024,-105.5993822,7.729180326
222,7/25/2024,-131.6314805,1.452846207,6,20240726,TD,10:13,11:08,-80.5,17.865,30,7.9,18,7/26/2024,-105.676383,7.873186959
223,7/25/2024,-131.6314805,1.452846207,7,20240726,TD,10:13,11:08,-63.3,17.997,30,7.5,18,7/26/2024,-105.4846073,7.57472138
224,7/25/2024,-131.6314805,1.452846207,8,20240726,TD,10:13,11:08,-67.7,17.929,30,7.6,18,7/26/2024,-105.5834009,7.651211235
225,7/25/2024,-131.6314805,1.452846207,9,20240726,TD,10:13,11:08,-42.2,17.994,30,7.2,18,7/26/2024,-105.4889659,7.209488873
226,7/25/2024,-131.6314805,1.452846207,10,20240726,TD,10:13,11:08,-77.3,18.09,30,7.8,18,7/26/2024,-105.3494926,7.816563902
227,7/25/2024,-131.6314805,1.452846207,11,20240726,TD,10:13,11:08,-61.7,22.035,30,7.5,22,7/26/2024,-99.61801434,7.529072257
228,7/25/2024,-131.6314805,1.452846207,12,20240726,TD,10:13,11:08,-56.5,22.039,30,7.4,22,7/26/2024,-99.61220296,7.440274594
229,7/25/2024,-131.6314805,1.452846207,13,20240726,TD,10:13,11:08,-86.5,17.917,30,8,18,7/26/2024,-105.600835,7.976787312
230,7/25/2024,-131.6314805,1.452846207,14,20240726,TD,10:13,11:08,-44.8,22.037,30,7.2,22,7/26/2024,-99.61510865,7.240527037
231,7/25/2024,-131.6314805,1.452846207,15,20240726,TD,10:13,11:08,-71,21.832,30,7.7,22,7/26/2024,-99.91294212,7.688869493
232,7/25/2024,-131.6314805,1.452846207,17,20240726,TD,10:13,11:08,-80.2,21.81,30,7.9,22,7/26/2024,-99.94490474,7.84617345
233,7/25/2024,-131.6314805,1.452846207,18,20240726,TD,10:13,11:08,-49,21.993,30,7.3,22,7/26/2024,-99.67903389,7.3123985
234,7/25/2024,-131.6314805,1.452846207,19,20240726,TD,10:13,11:08,-90.1,21.775,30,8,22,7/26/2024,-99.99575436,8.015541571
235,7/25/2024,-131.6314805,1.452846207,1,20240727,TD,11:57,12:23,-65.8,21.971,30,7.6,22,7/27/2024,-99.7109965,7.599373713
236,7/25/2024,-131.6314805,1.452846207,2,20240727,TD,11:57,12:23,-51.6,17.787,30,7.4,18,7/27/2024,-105.789705,7.372997931
237,7/25/2024,-131.6314805,1.452846207,3,20240727,TD,11:57,12:23,-81.6,21.926,30,7.8,22,7/27/2024,-99.77637458,7.869442655
238,7/25/2024,-131.6314805,1.452846207,4,20240727,TD,11:57,12:23,-49.4,18.11,30,7.3,18,7/27/2024,-105.3204357,7.333693353
239,7/25/2024,-131.6314805,1.452846207,5,20240727,TD,11:57,12:23,-72.5,17.89,30,7.7,18,7/27/2024,-105.6400619,7.73451681
240,7/25/2024,-131.6314805,1.452846207,6,20240727,TD,11:57,12:23,-83.2,17.783,30,7.9,18,7/27/2024,-105.7955164,7.92041358
241,7/25/2024,-131.6314805,1.452846207,7,20240727,TD,11:57,12:23,-58.1,17.836,30,7.5,18,7/27/2024,-105.7185156,7.485387957
242,7/25/2024,-131.6314805,1.452846207,8,20240727,TD,11:57,12:23,-63.6,17.972,30,7.6,18,7/27/2024,-105.5209285,7.580028003
243,7/25/2024,-131.6314805,1.452846207,9,20240727,TD,11:57,12:23,-42.1,17.896,30,7.2,18,7/27/2024,-105.6313448,7.208077851
244,7/25/2024,-131.6314805,1.452846207,10,20240727,TD,11:57,12:23,-77.8,17.981,30,7.8,18,7/27/2024,-105.5078529,7.825803504
245,7/25/2024,-131.6314805,1.452846207,11,20240727,TD,11:57,12:23,-61.2,21.989,30,7.5,22,7/27/2024,-99.68484527,7.52073977
246,7/25/2024,-131.6314805,1.452846207,12,20240727,TD,11:57,12:23,-52.1,21.985,30,7.4,22,7/27/2024,-99.69065666,7.365364454
247,7/25/2024,-131.6314805,1.452846207,13,20240727,TD,11:57,12:23,-86.4,18.985,30,8,18,7/27/2024,-104.0491953,7.968757365
248,7/25/2024,-131.6314805,1.452846207,14,20240727,TD,11:57,12:23,-36.3,21.869,30,7.2,22,7/27/2024,-99.85918682,7.095908594
249,7/25/2024,-131.6314805,1.452846207,15,20240727,TD,11:57,12:23,-72.5,21.969,30,7.7,22,7/27/2024,-99.71390219,7.713799603
250,7/25/2024,-131.6314805,1.452846207,17,20240727,TD,11:57,12:23,-84.3,21.86,30,7.9,22,7/27/2024,-99.87226243,7.915938575
251,7/25/2024,-131.6314805,1.452846207,18,20240727,TD,11:57,12:23,-48.8,21.942,30,7.3,22,7/27/2024,-99.75312904,7.309173072
252,7/25/2024,-131.6314805,1.452846207,19,20240727,TD,11:57,12:23,-91.3,21.747,30,8,22,7/27/2024,-100.0364341,8.036220561
253,7/25/2024,-131.6314805,1.452846207,1,20240728,TD,11:45,12:25,-66.7,21.128,30,7.6,22,7/28/2024,-100.9357459,7.618748154
254,7/25/2024,-131.6314805,1.452846207,2,20240728,TD,11:45,12:25,-50.5,17.776,30,7.4,18,7/28/2024,-105.8056863,7.353984518
255,7/25/2024,-131.6314805,1.452846207,3,20240728,TD,11:45,12:25,-81.7,21.982,30,7.8,22,7/28/2024,-99.69501519,7.870835695
256,7/25/2024,-131.6314805,1.452846207,4,20240728,TD,11:45,12:25,-47.7,18.053,30,7.3,18,7/28/2024,-105.4032479,7.304482848
257,7/25/2024,-131.6314805,1.452846207,5,20240728,TD,11:45,12:25,-73.2,17.892,30,7.7,18,7/28/2024,-105.6371562,7.746628078
258,7/25/2024,-131.6314805,1.452846207,6,20240728,TD,11:45,12:25,-83.8,17.766,30,7.9,18,7/28/2024,-105.8202148,7.930904946
259,7/25/2024,-131.6314805,1.452846207,7,20240728,TD,11:45,12:25,-57,17.934,30,7.5,18,7/28/2024,-105.5761366,7.465929538
260,7/25/2024,-131.6314805,1.452846207,8,20240728,TD,11:45,12:25,-64.8,17.945,30,7.6,18,7/28/2024,-105.5601553,7.60092648
261,7/25/2024,-131.6314805,1.452846207,9,20240728,TD,11:45,12:25,-42.6,17.809,30,7.2,18,7/28/2024,-105.7577424,7.217022463
262,7/25/2024,-131.6314805,1.452846207,10,20240728,TD,11:45,12:25,-77.9,17.896,30,7.8,18,7/28/2024,-105.6313448,7.827993145
263,7/25/2024,-131.6314805,1.452846207,11,20240728,TD,11:45,12:25,-58.9,22.118,30,7.5,22,7/28/2024,-99.49742811,7.480909717
264,7/25/2024,-131.6314805,1.452846207,12,20240728,TD,11:45,12:25,-55,21.978,30,7.4,22,7/28/2024,-99.70082658,7.414913873
265,7/25/2024,-131.6314805,1.452846207,13,20240728,TD,11:45,12:25,-86.9,17.993,30,8,18,7/28/2024,-105.4904187,7.983262577
266,7/25/2024,-131.6314805,1.452846207,14,20240728,TD,11:45,12:25,-39.3,21.96,30,7.2,22,7/28/2024,-99.72697781,7.146868847
267,7/25/2024,-131.6314805,1.452846207,15,20240728,TD,11:45,12:25,-71.1,21.95,30,7.7,22,7/28/2024,-99.74150627,7.689986874
268,7/25/2024,-131.6314805,1.452846207,17,20240728,TD,11:45,12:25,-84.6,21.853,30,7.9,22,7/28/2024,-99.88243235,7.921104131
269,7/25/2024,-131.6314805,1.452846207,18,20240728,TD,11:45,12:25,-49.5,22.023,30,7.3,22,7/28/2024,-99.6354485,7.320823517
270,7/25/2024,-131.6314805,1.452846207,19,20240728,TD,11:45,12:25,-91.6,21.796,30,8,22,7/28/2024,-99.96524459,8.041043931
271,7/29/2024,-132.6668113,1.483013784,1,20240729,VH,11:50,12:32,-68.8,21.783,30,7.6,22,7/29/2024,-100.362322,7.645058887
272,7/29/2024,-132.6668113,1.483013784,2,20240729,VH,11:50,12:32,-54.6,17.868,30,7.4,18,7/29/2024,-106.168321,7.416046224
273,7/29/2024,-132.6668113,1.483013784,3,20240729,VH,11:50,12:32,-86,22.043,30,7.8,22,7/29/2024,-99.97673842,7.937582845
274,7/29/2024,-132.6668113,1.483013784,4,20240729,VH,11:50,12:32,-49.9,17.978,30,7.3,18,7/29/2024,-106.0051895,7.334303365
275,7/29/2024,-132.6668113,1.483013784,5,20240729,VH,11:50,12:32,-73.9,17.902,30,7.7,18,7/29/2024,-106.1178985,7.75012196
276,7/29/2024,-132.6668113,1.483013784,6,20240729,VH,11:50,12:32,-83.1,17.75,30,7.9,18,7/29/2024,-106.3433166,7.910209667
277,7/29/2024,-132.6668113,1.483013784,7,20240729,VH,11:50,12:32,-62.2,17.556,30,7.5,18,7/29/2024,-106.6310213,7.548880138
278,7/29/2024,-132.6668113,1.483013784,8,20240729,VH,11:50,12:32,-65.2,17.923,30,7.6,18,7/29/2024,-106.0867552,7.599389425
279,7/29/2024,-132.6668113,1.483013784,9,20240729,VH,11:50,12:32,-44.2,17.839,30,7.2,18,7/29/2024,-106.2113284,7.236024052
280,7/29/2024,-132.6668113,1.483013784,10,20240729,VH,11:50,12:32,-79.7,18.044,30,7.8,18,7/29/2024,-105.9073105,7.849850199
281,7/29/2024,-132.6668113,1.483013784,11,20240729,VH,11:50,12:32,-62.3,21.847,30,7.5,22,7/29/2024,-100.2674091,7.533734268
282,7/29/2024,-132.6668113,1.483013784,12,20240729,VH,11:50,12:32,-56.3,21.923,30,7.4,22,7/29/2024,-100.1547001,7.430954593
283,7/29/2024,-132.6668113,1.483013784,13,20240729,VH,11:50,12:32,-88.2,18.059,30,8,18,7/29/2024,-105.8850653,7.996880156
284,7/29/2024,-132.6668113,1.483013784,14,20240729,VH,11:50,12:32,-39.3,21.845,30,7.2,22,7/29/2024,-100.2703752,7.140804093
285,7/29/2024,-132.6668113,1.483013784,15,20240729,VH,11:50,12:32,-75.9,21.99,30,7.7,22,7/29/2024,-100.0553382,7.765399351
286,7/29/2024,-132.6668113,1.483013784,17,20240729,VH,11:50,12:32,-83.1,21.92,30,7.9,22,7/29/2024,-100.1591491,7.888707373
287,7/29/2024,-132.6668113,1.483013784,18,20240729,VH,11:50,12:32,-49.3,21.936,30,7.3,22,7/29/2024,-100.1354209,7.311354604
288,7/29/2024,-132.6668113,1.483013784,19,20240729,VH,11:50,12:32,-93.7,21.816,30,8,22,7/29/2024,-100.3133825,8.07035576
289,7/29/2024,-132.6668113,1.483013784,1,20240730,TD,13:07,13:45,-69.7,21.876,30,7.6,22,7/30/2024,-100.2244017,7.660029634
290,7/29/2024,-132.6668113,1.483013784,2,20240730,TD,13:07,13:45,-56,17.79,30,7.4,18,7/30/2024,-106.283996,7.440567113
291,7/29/2024,-132.6668113,1.483013784,3,20240730,TD,13:07,13:45,-85.9,22.092,30,7.8,22,7/30/2024,-99.90407075,7.935614361
292,7/29/2024,-132.6668113,1.483013784,4,20240730,TD,13:07,13:45,-50.1,18.125,30,7.3,18,7/30/2024,-105.7871864,7.337296555
293,7/29/2024,-132.6668113,1.483013784,5,20240730,TD,13:07,13:45,-73.3,17.973,30,7.7,18,7/30/2024,-106.0126045,7.739408113
294,7/29/2024,-132.6668113,1.483013784,6,20240730,TD,13:07,13:45,-85.4,17.864,30,7.9,18,7/30/2024,-106.174253,7.949453641
295,7/29/2024,-132.6668113,1.483013784,7,20240730,TD,13:07,13:45,-59.5,18.03,30,7.5,18,7/30/2024,-105.9280727,7.500295861
296,7/29/2024,-132.6668113,1.483013784,8,20240730,TD,13:07,13:45,-64.3,17.959,30,7.6,18,7/30/2024,-106.0333667,7.583661184
297,7/29/2024,-132.6668113,1.483013784,9,20240730,TD,13:07,13:45,-47.3,17.782,30,7.2,18,7/30/2024,-106.2958602,7.289886586
298,7/29/2024,-132.6668113,1.483013784,10,20240730,TD,13:07,13:45,-79.8,17.963,30,7.8,18,7/30/2024,-106.0274347,7.851982355
299,7/29/2024,-132.6668113,1.483013784,11,20240730,TD,13:07,13:45,-63,21.903,30,7.5,22,7/30/2024,-100.1843604,7.54546899
300,7/29/2024,-132.6668113,1.483013784,12,20240730,TD,13:07,13:45,-54.7,21.967,30,7.4,22,7/30/2024,-100.0894475,7.403471936
301,7/29/2024,-132.6668113,1.483013784,13,20240730,TD,13:07,13:45,-87.8,18.151,30,8,18,7/30/2024,-105.7486281,7.989457929
302,7/29/2024,-132.6668113,1.483013784,14,20240730,TD,13:07,13:45,-40,21.999,30,7.2,22,7/30/2024,-100.041991,7.152351481
303,7/29/2024,-132.6668113,1.483013784,15,20240730,TD,13:07,13:45,-75.3,21.994,30,7.7,22,7/30/2024,-100.0494061,7.75513496
304,7/29/2024,-132.6668113,1.483013784,17,20240730,TD,13:07,13:45,-87.9,21.895,30,7.9,22,7/30/2024,-100.1962245,7.970827133
305,7/29/2024,-132.6668113,1.483013784,18,20240730,TD,13:07,13:45,-48.9,21.903,30,7.3,22,7/30/2024,-100.1843604,7.304628203
306,7/29/2024,-132.6668113,1.483013784,19,20240730,TD,13:07,13:45,-92.6,21.864,30,8,22,7/30/2024,-100.2421979,8.051286804
307,7/29/2024,-132.6668113,1.483013784,1,20240731,CB,13:07,13:45,-67,21.862,30,7.6,22,7/31/2024,-100.2451639,7.613966252
308,7/29/2024,-132.6668113,1.483013784,2,20240731,CB,13:07,13:45,-54.2,17.781,30,7.4,18,7/31/2024,-106.2973432,7.409417717
309,7/29/2024,-132.6668113,1.483013784,3,20240731,CB,13:07,13:45,-84.7,22.037,30,7.8,22,7/31/2024,-99.9856365,7.915419763
310,7/29/2024,-132.6668113,1.483013784,4,20240731,CB,13:07,13:45,-51.1,18.093,30,7.3,18,7/31/2024,-105.8346429,7.354703041
311,7/29/2024,-132.6668113,1.483013784,5,20240731,CB,13:07,13:45,-72.8,17.983,30,7.7,18,7/31/2024,-105.9977744,7.730706972
312,7/29/2024,-132.6668113,1.483013784,6,20240731,CB,13:07,13:45,-84.8,17.825,30,7.9,18,7/31/2024,-106.2320906,7.939267742
313,7/29/2024,-132.6668113,1.483013784,7,20240731,CB,13:07,13:45,-61.7,18.128,30,7.5,18,7/31/2024,-105.7827374,7.5379934
314,7/29/2024,-132.6668113,1.483013784,8,20240731,CB,13:07,13:45,-64.4,17.961,30,7.6,18,7/31/2024,-106.0304007,7.585384336
315,7/29/2024,-132.6668113,1.483013784,9,20240731,CB,13:07,13:45,-43.1,17.965,30,7.2,18,7/31/2024,-106.0244686,7.216623312
316,7/29/2024,-132.6668113,1.483013784,10,20240731,CB,13:07,13:45,-79.4,18.049,30,7.8,18,7/31/2024,-105.8998955,7.844633358
317,7/29/2024,-132.6668113,1.483013784,11,20240731,CB,13:07,13:45,-61.9,22.096,30,7.5,22,7/31/2024,-99.89813869,7.525919248
318,7/29/2024,-132.6668113,1.483013784,12,20240731,CB,13:07,13:45,-55.4,22.046,30,7.4,22,7/31/2024,-99.97228938,7.415144282
319,7/29/2024,-132.6668113,1.483013784,13,20240731,CB,13:07,13:45,-87.8,18.058,30,8,18,7/31/2024,-105.8865484,7.989963036
320,7/29/2024,-132.6668113,1.483013784,14,20240731,CB,13:07,13:45,-38.8,21.891,30,7.2,22,7/31/2024,-100.2021565,7.132142275
321,7/29/2024,-132.6668113,1.483013784,15,20240731,CB,13:07,13:45,-74.6,22.016,30,7.7,22,7/31/2024,-100.0167798,7.74307913
322,7/29/2024,-132.6668113,1.483013784,17,20240731,CB,13:07,13:45,-86.7,21.971,30,7.9,22,7/31/2024,-100.0835154,7.949920916
323,7/29/2024,-132.6668113,1.483013784,18,20240731,CB,13:07,13:45,-48.8,21.961,30,7.3,22,7/31/2024,-100.0983456,7.302735539
324,7/29/2024,-132.6668113,1.483013784,19,20240731,CB,13:07,13:45,-91.9,21.841,30,8,22,7/31/2024,-100.2763072,8.039459149
325,8/1/2024,-129.6546329,1.30573508,1,20240801,SH,12:50,13:50,-69.9,21.912,30,7.6,22,8/1/2024,-101.0433658,7.6483875
326,8/1/2024,-129.6546329,1.30573508,2,20240801,SH,12:50,13:50,-58.9,17.777,30,7.4,18,8/1/2024,-106.4425804,7.488437056
327,8/1/2024,-129.6546329,1.30573508,3,20240801,SH,12:50,13:50,-86.5,21.958,30,7.8,22,8/1/2024,-100.983302,7.9315382
328,8/1/2024,-129.6546329,1.30573508,4,20240801,SH,12:50,13:50,-53,18.044,30,7.3,18,8/1/2024,-106.0939491,7.38451592
329,8/1/2024,-129.6546329,1.30573508,5,20240801,SH,12:50,13:50,-74.6,17.961,30,7.7,18,8/1/2024,-106.2023251,7.75899242
330,8/1/2024,-129.6546329,1.30573508,6,20240801,SH,12:50,13:50,-88.3,17.848,30,7.9,18,8/1/2024,-106.3498732,7.997132548
331,8/1/2024,-129.6546329,1.30573508,7,20240801,SH,12:50,13:50,-64.4,18.1454,30,7.5,18,8/1/2024,-105.9615476,7.581099144
332,8/1/2024,-129.6546329,1.30573508,8,20240801,SH,12:50,13:50,-66.9,17.893,30,7.6,18,8/1/2024,-106.2911151,7.626181327
333,8/1/2024,-129.6546329,1.30573508,9,20240801,SH,12:50,13:50,-74.6,17.067,30,7.2,18,8/1/2024,-107.3696523,7.765888883
334,8/1/2024,-129.6546329,1.30573508,10,20240801,SH,12:50,13:50,-74.7,17.231,30,7.8,18,8/1/2024,-107.1555117,7.766358135
335,8/1/2024,-129.6546329,1.30573508,11,20240801,SH,12:50,13:50,-79.2,19.049,30,7.5,22,8/1/2024,-104.7816853,7.829958817
336,8/1/2024,-129.6546329,1.30573508,12,20240801,SH,12:50,13:50,-78,17.174,30,7.4,22,8/1/2024,-107.2299386,7.824083674
337,8/1/2024,-129.6546329,1.30573508,13,20240801,SH,12:50,13:50,-89.1,18.027,30,8,18,8/1/2024,-106.1161466,8.009453944
338,8/1/2024,-129.6546329,1.30573508,14,20240801,SH,12:50,13:50,-45.8,21.851,30,7.2,22,8/1/2024,-101.1230156,7.237115322
339,8/1/2024,-129.6546329,1.30573508,15,20240801,SH,12:50,13:50,-74.3,21.788,30,7.7,22,8/1/2024,-101.205277,7.724488062
340,8/1/2024,-129.6546329,1.30573508,17,20240801,SH,12:50,13:50,-87.6,21.786,30,7.9,22,8/1/2024,-101.2078884,7.951769516
341,8/1/2024,-129.6546329,1.30573508,18,20240801,SH,12:50,13:50,-52.4,21.905,30,7.3,22,8/1/2024,-101.0525059,7.349525322
342,8/1/2024,-129.6546329,1.30573508,19,20240801,SH,12:50,13:50,-95.2,21.763,30,8,22,8/1/2024,-101.2379203,8.0818394
343,8/1/2024,-129.6546329,1.30573508,1,20240802,CB,13:00,13:57,-69.7,22.036,30,7.6,22,8/2/2024,-100.8814547,7.644057689
344,8/1/2024,-129.6546329,1.30573508,2,20240802,CB,13:00,13:57,-54.7,18.826,30,7.4,18,8/2/2024,-105.0728643,7.408841587
345,8/1/2024,-129.6546329,1.30573508,3,20240802,CB,13:00,13:57,-76.5,21.903,30,7.8,22,8/2/2024,-101.0551174,7.761187913
346,8/1/2024,-129.6546329,1.30573508,4,20240802,CB,13:00,13:57,-50.7,18.645,30,7.3,18,8/2/2024,-105.3092023,7.340934281
347,8/1/2024,-129.6546329,1.30573508,5,20240802,CB,13:00,13:57,-73.5,19.193,30,7.7,18,8/2/2024,-104.5936595,7.730549277
348,8/1/2024,-129.6546329,1.30573508,6,20240802,CB,13:00,13:57,-74.6,19.26,30,7.9,18,8/2/2024,-104.5061752,7.748997605
349,8/1/2024,-129.6546329,1.30573508,7,20240802,CB,13:00,13:57,-61.5,18.549,30,7.5,18,8/2/2024,-105.4345529,7.528131981
350,8/1/2024,-129.6546329,1.30573508,8,20240802,CB,13:00,13:57,-64.6,18.691,30,7.6,18,8/2/2024,-105.2491385,7.580683162
351,8/1/2024,-129.6546329,1.30573508,13,20240802,CB,13:00,13:57,-88.6,19.282,30,8,18,8/2/2024,-104.4774491,7.990104554
352,8/1/2024,-129.6546329,1.30573508,14,20240802,CB,13:00,13:57,-39,21.888,30,7.2,22,8/2/2024,-101.0747034,7.120737784
353,8/1/2024,-129.6546329,1.30573508,15,20240802,CB,13:00,13:57,-73.3,21.848,30,7.7,22,8/2/2024,-101.1269328,7.706945794
354,8/1/2024,-129.6546329,1.30573508,17,20240802,CB,13:00,13:57,-74.2,21.827,30,7.9,22,8/2/2024,-101.1543533,7.722481713
355,8/1/2024,-129.6546329,1.30573508,18,20240802,CB,13:00,13:57,-50.9,21.9,30,7.3,22,8/2/2024,-101.0590346,7.323935539
356,8/1/2024,-129.6546329,1.30573508,19,20240802,CB,13:00,13:57,-95.4,21.778,30,8,22,8/2/2024,-101.2183343,8.085124314
357,8/1/2024,-129.6546329,1.30573508,1,20240803,TD,15:00,15:30,-67.7,21.924,30,7.6,22,8/3/2024,-101.027697,7.61072361
358,8/1/2024,-129.6546329,1.30573508,2,20240803,TD,15:00,15:30,-53.6,17.786,30,7.4,18,8/3/2024,-106.4308287,7.396566221
359,8/1/2024,-129.6546329,1.30573508,3,20240803,TD,15:00,15:30,-85.3,21.885,30,7.8,22,8/3/2024,-101.0786207,7.911648798
360,8/1/2024,-129.6546329,1.30573508,4,20240803,TD,15:00,15:30,-49.5,18.163,30,7.3,18,8/3/2024,-105.9385666,7.323201289
361,8/1/2024,-129.6546329,1.30573508,5,20240803,TD,15:00,15:30,-74.6,18.034,30,7.7,18,8/3/2024,-106.1070064,7.758429966
362,8/1/2024,-129.6546329,1.30573508,6,20240803,TD,15:00,15:30,-88.3,18.065,30,7.9,18,8/3/2024,-106.0665287,7.995283629
363,8/1/2024,-129.6546329,1.30573508,7,20240803,TD,15:00,15:30,-60,17.939,30,7.5,18,8/3/2024,-106.2310513,7.506384674
364,8/1/2024,-129.6546329,1.30573508,8,20240803,TD,15:00,15:30,-68.5,17.883,30,7.6,18,8/3/2024,-106.3041724,7.653960763
365,8/1/2024,-129.6546329,1.30573508,9,20240803,TD,15:00,15:30,-53.6,19.085,30,7.2,18,8/3/2024,-104.7346789,7.388184535
366,8/1/2024,-129.6546329,1.30573508,10,20240803,TD,15:00,15:30,-68,17.893,30,7.8,18,8/3/2024,-106.2911151,7.6452292
367,8/1/2024,-129.6546329,1.30573508,11,20240803,TD,15:00,15:30,-58,20.382,30,7.5,22,8/3/2024,-103.0411405,7.455373058
368,8/1/2024,-129.6546329,1.30573508,12,20240803,TD,15:00,15:30,-67.9,18.923,30,7.4,22,8/3/2024,-104.946208,7.635978166
369,8/1/2024,-129.6546329,1.30573508,13,20240803,TD,15:00,15:30,-89.8,18.288,30,8,18,8/3/2024,-105.7753497,8.019323925
370,8/1/2024,-129.6546329,1.30573508,14,20240803,TD,15:00,15:30,-41.6,21.94,30,7.2,22,8/3/2024,-101.0068052,7.164851786
371,8/1/2024,-129.6546329,1.30573508,15,20240803,TD,15:00,15:30,-77,23.206,30,7.7,22,8/3/2024,-99.35374461,7.759582479
372,8/1/2024,-129.6546329,1.30573508,17,20240803,TD,15:00,15:30,-88.1,21.989,30,7.9,22,8/3/2024,-100.9428242,7.958601119
373,8/1/2024,-129.6546329,1.30573508,18,20240803,TD,15:00,15:30,-51.1,22.002,30,7.3,22,8/3/2024,-100.9258496,7.326709917
374,8/1/2024,-129.6546329,1.30573508,19,20240803,TD,15:00,15:30,-95.1,21.792,30,8,22,8/3/2024,-101.200054,8.079874088
375,8/1/2024,-129.6546329,1.30573508,1,20240804,TD,13:30,14:20,-67.5,21.974,30,7.6,22,8/4/2024,-100.9624102,7.606945589
376,8/1/2024,-129.6546329,1.30573508,2,20240804,TD,13:30,14:20,-58,17.742,30,7.4,18,8/4/2024,-106.4882811,7.473081445
377,8/1/2024,-129.6546329,1.30573508,3,20240804,TD,13:30,14:20,-85.7,21.852,30,7.8,22,8/4/2024,-101.1217099,7.918755344
378,8/1/2024,-129.6546329,1.30573508,4,20240804,TD,13:30,14:20,-50.9,18.094,30,7.3,18,8/4/2024,-106.0286623,7.347855898
379,8/1/2024,-129.6546329,1.30573508,5,20240804,TD,13:30,14:20,-75.4,17.977,30,7.7,18,8/4/2024,-106.1814333,7.772718135
380,8/1/2024,-129.6546329,1.30573508,6,20240804,TD,13:30,14:20,-85,18.02,30,7.9,18,8/4/2024,-106.1252867,7.938548257
381,8/1/2024,-129.6546329,1.30573508,7,20240804,TD,13:30,14:20,-60.3,17.996,30,7.5,18,8/4/2024,-106.1566244,7.511187991
382,8/1/2024,-129.6546329,1.30573508,8,20240804,TD,13:30,14:20,-65.7,17.88,30,7.6,18,8/4/2024,-106.3080896,7.605495135
383,8/1/2024,-129.6546329,1.30573508,9,20240804,TD,13:30,14:20,-45.8,18.228,30,7.2,18,8/4/2024,-105.8536938,7.25880112
384,8/1/2024,-129.6546329,1.30573508,10,20240804,TD,13:30,14:20,-80.2,18.019,30,7.8,18,8/4/2024,-106.1265925,7.855474557
385,8/1/2024,-129.6546329,1.30573508,11,20240804,TD,13:30,14:20,-48.2,21.867,30,7.5,22,8/4/2024,-101.1021239,7.278018733
386,8/1/2024,-129.6546329,1.30573508,12,20240804,TD,13:30,14:20,-83,21.647,30,7.4,22,8/4/2024,-101.3893856,7.874297832
387,8/1/2024,-129.6546329,1.30573508,13,20240804,TD,13:30,14:20,-91.1,18.289,30,8,18,8/4/2024,-105.774044,8.041795858
388,8/1/2024,-129.6546329,1.30573508,14,20240804,TD,13:30,14:20,-41.7,21.842,30,7.2,22,8/4/2024,-101.1347673,7.167122992
389,8/1/2024,-129.6546329,1.30573508,15,20240804,TD,13:30,14:20,-75.4,22.08,30,7.7,22,8/4/2024,-100.8240023,7.741036282
390,8/1/2024,-129.6546329,1.30573508,17,20240804,TD,13:30,14:20,-87.4,21.76,30,7.9,22,8/4/2024,-101.2418375,7.948570267
391,8/1/2024,-129.6546329,1.30573508,18,20240804,TD,13:30,14:20,-51.5,21.948,30,7.3,22,8/4/2024,-100.9963593,7.333881036
392,8/1/2024,-129.6546329,1.30573508,19,20240804,TD,13:30,14:20,-95.5,21.801,30,8,22,8/4/2024,-101.1883024,8.08662924
393,8/5/2024,-133.6420293,1.423557752,1,20240805,VH,10:06,10:47,-71.5,21.97,30,7.6,22,8/5/2024,-102.3664655,7.651394772
394,8/5/2024,-133.6420293,1.423557752,2,20240805,VH,10:06,10:47,-61.4,17.671,30,7.4,18,8/5/2024,-108.4863403,7.499460117
395,8/5/2024,-133.6420293,1.423557752,3,20240805,VH,10:06,10:47,-82.4,21.811,30,7.8,22,8/5/2024,-102.5928112,7.838490056
396,8/5/2024,-133.6420293,1.423557752,4,20240805,VH,10:06,10:47,-61.9,18.057,30,7.3,18,8/5/2024,-107.936847,7.506272399
397,8/5/2024,-133.6420293,1.423557752,5,20240805,VH,10:06,10:47,-73.3,17.858,30,7.7,18,8/5/2024,-108.220135,7.704656413
398,8/5/2024,-133.6420293,1.423557752,6,20240805,VH,10:06,10:47,-85.8,17.843,30,7.9,18,8/5/2024,-108.2414883,7.92122887
399,8/5/2024,-133.6420293,1.423557752,7,20240805,VH,10:06,10:47,-62,17.651,30,7.5,18,8/5/2024,-108.5148114,7.509953894
400,8/5/2024,-133.6420293,1.423557752,8,20240805,VH,10:06,10:47,-66.8,17.925,30,7.6,18,8/5/2024,-108.1247566,7.591746189
401,8/5/2024,-133.6420293,1.423557752,9,20240805,VH,10:06,10:47,-46.6,17.672,30,7.2,18,8/5/2024,-108.4849167,7.242980124
402,8/5/2024,-133.6420293,1.423557752,10,20240805,VH,10:06,10:47,-81.1,18.029,30,7.8,18,8/5/2024,-107.9767066,7.838723459
403,8/5/2024,-133.6420293,1.423557752,11,20240805,VH,10:06,10:47,-29.5,21.668,30,7.5,22,8/5/2024,-102.7963799,6.935049281
404,8/5/2024,-133.6420293,1.423557752,12,20240805,VH,10:06,10:47,-85.4,21.709,30,7.4,22,8/5/2024,-102.7380141,7.890379526
405,8/5/2024,-133.6420293,1.423557752,13,20240805,VH,10:06,10:47,-91.8,18.037,30,8,18,8/5/2024,-107.9653181,8.023868162
406,8/5/2024,-133.6420293,1.423557752,14,20240805,VH,10:06,10:47,-40.3,21.787,30,7.2,22,8/5/2024,-102.6269765,7.119245295
407,8/5/2024,-133.6420293,1.423557752,15,20240805,VH,10:06,10:47,-78.4,21.849,30,7.7,22,8/5/2024,-102.538716,7.76992553
408,8/5/2024,-133.6420293,1.423557752,17,20240805,VH,10:06,10:47,-88.6,21.74,30,7.9,22,8/5/2024,-102.6938838,7.944876939
409,8/5/2024,-133.6420293,1.423557752,18,20240805,VH,10:06,10:47,-52,21.861,30,7.3,22,8/5/2024,-102.5216333,7.318856045
410,8/5/2024,-133.6420293,1.423557752,19,20240805,VH,10:06,10:47,-96.9,21.794,30,8,22,8/5/2024,-102.6170116,8.086356911
411,8/5/2024,-133.6420293,1.423557752,1,20240806,TD,14:20,15:00,-71.1,22.054,30,7.6,22,8/6/2024,-102.2468866,7.644113959
412,8/5/2024,-133.6420293,1.423557752,2,20240806,TD,14:20,15:00,-57,17.959,30,7.4,18,8/6/2024,-108.0763556,7.42191235
413,8/5/2024,-133.6420293,1.423557752,3,20240806,TD,14:20,15:00,-80.3,22.049,30,7.8,22,8/6/2024,-102.2540044,7.801207368
414,8/5/2024,-133.6420293,1.423557752,4,20240806,TD,14:20,15:00,-51.2,18.166,30,7.3,18,8/6/2024,-107.7816792,7.320639038
415,8/5/2024,-133.6420293,1.423557752,5,20240806,TD,14:20,15:00,-73,17.996,30,7.7,18,8/6/2024,-108.023684,7.698707512
416,8/5/2024,-133.6420293,1.423557752,6,20240806,TD,14:20,15:00,-87.9,17.882,30,7.9,18,8/6/2024,-108.1859696,7.957351733
417,8/5/2024,-133.6420293,1.423557752,7,20240806,TD,14:20,15:00,-58.7,18.062,30,7.5,18,8/6/2024,-107.9297292,7.450868566
418,8/5/2024,-133.6420293,1.423557752,8,20240806,TD,14:20,15:00,-68.5,17.974,30,7.6,18,8/6/2024,-108.0550023,7.62092618
419,8/5/2024,-133.6420293,1.423557752,9,20240806,TD,14:20,15:00,-47.9,18.173,30,7.2,18,8/6/2024,-107.7717143,7.263521192
420,8/5/2024,-133.6420293,1.423557752,10,20240806,TD,14:20,15:00,-82.4,18.011,30,7.8,18,8/6/2024,-108.0023306,7.86133239
421,8/5/2024,-133.6420293,1.423557752,11,20240806,TD,14:20,15:00,-29.3,22.157,30,7.5,22,8/6/2024,-102.1002602,6.930194301
422,8/5/2024,-133.6420293,1.423557752,12,20240806,TD,14:20,15:00,-94.3,21.524,30,7.4,22,8/6/2024,-103.0013722,8.043739127
423,8/5/2024,-133.6420293,1.423557752,13,20240806,TD,14:20,15:00,-93.1,18.466,30,8,18,8/6/2024,-107.3546118,8.043514658
424,8/5/2024,-133.6420293,1.423557752,14,20240806,TD,14:20,15:00,-43.5,22.073,30,7.2,22,8/6/2024,-102.219839,7.172850603
425,8/5/2024,-133.6420293,1.423557752,15,20240806,TD,14:20,15:00,-76,22.26,30,7.7,22,8/6/2024,-101.9536337,7.726605449
426,8/5/2024,-133.6420293,1.423557752,17,20240806,TD,14:20,15:00,-88.3,22.069,30,7.9,22,8/6/2024,-102.2255333,7.937659996
427,8/5/2024,-133.6420293,1.423557752,18,20240806,TD,14:20,15:00,-53.1,22.045,30,7.3,22,8/6/2024,-102.2596986,7.33685375
428,8/5/2024,-133.6420293,1.423557752,19,20240806,TD,14:20,15:00,-96.6,21.812,30,8,22,8/6/2024,-102.5913876,8.081107754
