block,tank,blank.rate,FileName,Intercept,umol.L.sec,Temp.C,Species,pH_treatment,temp_treatment,Date,chamber.channel,ID,BLANK,notes,start.time,stop.time,volume,AFDW,wet_weight,TA.start,TA.stop,umol.sec,umol.sec.corr,Respiration
S1,1,-1.53E-04,MUS_T1_01_20240808_O2,215.8810047,-0.007411645,21.39978453,Mussel,7.6,22,8/8/2024,NA,1,0,NA,6:48:00,7:50:00,635,0.5049,18.4697,6:15:00,8:00:00,-0.004706395,-0.004553024,32.46362625
S1,1,-1.53E-04,MUS_T1_02_20240808_O2,221.2986946,-0.004724637,21.6260442,Mussel,7.6,22,8/8/2024,NA,2,0,NA,6:48:00,7:50:00,641,0.3177,12.8631,6:15:00,8:00:00,-0.003028492,-0.002875121,32.57927868
S1,1,-1.53E-04,MUS_T1_04_20240808_O2,232.9828523,-0.002947851,21.62042541,Mussel,7.6,22,8/8/2024,NA,4,0,NA,6:48:00,7:50:00,639.5,0.4725,13.5053,6:15:00,8:00:00,-0.001885151,-0.00173178,13.19451422
S1,1,-1.53E-04,MUS_T1_05_20240808_O2,215.155543,-0.008048289,21.48538122,Mussel,7.6,22,8/8/2024,NA,5,0,NA,6:48:00,7:50:00,639,0.5221,16.3141,6:15:00,8:00:00,-0.005142857,-0.004989486,34.40365767
S1,1,-1.53E-04,NUC_T1_100_20240808_O2,283.7695106,-0.008819006,21.48334807,Nucella,7.6,22,8/8/2024,NA,100,0,NA,6:48:00,7:50:00,115.5,0.0442,0.9957,6:20:00,8:00:00,-0.001018595,-8.65E-04,70.47075215
S1,1,-1.53E-04,NUC_T1_109_20240808_O2,223.555248,-0.003965064,21.50598895,Nucella,7.6,22,8/8/2024,NA,109,0,NA,6:48:00,7:50:00,115.25,0.0206,0.7645,6:20:00,8:00:00,-4.57E-04,-3.04E-04,53.05677837
S1,1,-1.53E-04,NUC_T1_66_20240808_O2,215.4469651,-0.007479396,21.54701657,Nucella,7.6,22,8/8/2024,NA,66,0,NA,6:48:00,7:50:00,115.25,0.0545,1.0928,6:20:00,8:00:00,-8.62E-04,-7.09E-04,46.80855223
S1,1,-1.53E-04,NUC_T1_93_20240808_O2,215.5317651,-0.00562301,21.38641436,Nucella,7.6,22,8/8/2024,NA,93,0,NA,6:48:00,7:50:00,115.5,0.0297,0.6802,6:20:00,8:00:00,-6.49E-04,-4.96E-04,60.13171443
S10,17,-3.45E-04,NUC_T17_27_20240809_O2,215.9635615,-0.011776208,22.0046,Nucella,7.9,22,8/9/2024,NA,27,0,NA,12:50:00,13:51:00,115.1,0.0474,1.0952,12:45:00,13:52:00,-0.001355442,-0.001010171,76.72187109
S10,19,-3.91E-04,NUC_T19_105_20240809_O2,221.6979421,-0.00899781,22.06067778,Nucella,8,22,8/9/2024,NA,105,0,NA,12:50:00,13:51:00,115.2,0.0337,0.9816,12:45:00,13:52:00,-0.001036548,-6.46E-04,68.99302025
S13,2,-1.13E-04,MUS_T2_10_20240810_O2,235.335356,-0.005741024,17.70427841,Mussel,7.4,18,8/10/2024,NA,10,0,NA,6:49:00,7:50:00,635,0.4105,20.4748,6:27:00,7:35:00,-0.00364555,-0.003532346,30.97794028
S13,2,-1.13E-04,MUS_T2_11_20240810_O2,248.4945627,-0.004917757,17.88820455,Mussel,7.4,18,8/10/2024,NA,11,0,NA,6:49:00,7:50:00,637,0.3321,17.4982,6:27:00,7:35:00,-0.003132611,-0.003019406,32.73069188
S13,2,-1.13E-04,MUS_T2_8_20240810_O2,251.7829631,-0.006151453,17.8511875,Mussel,7.4,18,8/10/2024,NA,8,0,NA,6:49:00,7:50:00,637,0.5332,20.1351,6:27:00,7:35:00,-0.003918476,-0.003805271,25.69200299
S13,2,-1.13E-04,MUS_T2_9_20240810_O2,249.9895687,-0.004512327,17.90317143,Mussel,7.4,18,8/10/2024,NA,9,0,NA,6:49:00,7:50:00,642,0.3645,11.8932,6:27:00,7:35:00,-0.002896914,-0.00278371,27.49342764
S13,2,-1.13E-04,NUC_T2_34_20240810_O2,230.4853474,-0.008410651,17.62784659,Nucella,7.4,18,8/10/2024,NA,34,0,NA,6:49:00,7:50:00,115.4,0.0646,1.1618,6:31:00,7:38:00,-9.71E-04,-8.57E-04,47.77994334
S13,2,-1.13E-04,NUC_T2_46_20240810_O2,232.9836448,-0.007947758,17.59534091,Nucella,7.4,18,8/10/2024,NA,46,0,NA,6:49:00,7:50:00,115.5,0.0378,0.8012,6:31:00,7:38:00,-9.18E-04,-8.05E-04,76.643943
S13,2,-1.13E-04,NUC_T2_68_20240810_O2,232.244634,-0.010248683,17.44889773,Nucella,7.4,18,8/10/2024,NA,68,0,NA,6:49:00,7:50:00,115.5,0.0266,0.7626,6:31:00,7:38:00,-0.001183723,-0.001070518,144.8821796
S13,2,-1.13E-04,NUC_T2_74_20240810_O2,293.7912328,-0.005474531,17.58852841,Nucella,7.4,18,8/10/2024,NA,74,0,NA,6:49:00,7:50:00,115.6,0.0244,0.7153,6:31:00,7:38:00,-6.33E-04,-5.20E-04,76.66984769
S14,4,-1.91E-04,MUS_T4_19_20240810_O2,240.205863,-0.006804192,17.73833146,Mussel,7.3,18,8/10/2024,NA,19,0,NA,8:18:00,9:20:00,633,0.3845,23.2432,8:03:00,9:24:00,-0.004307054,-0.004116142,38.53864767
S14,4,-1.91E-04,MUS_T4_20_20240810_O2_Trim,238.9049274,-0.005009501,17.63875806,Mussel,7.3,18,8/10/2024,NA,20,0,trim,8:18:00,9:20:00,632,0.2971,16.7695,8:03:00,9:24:00,-0.003166005,-0.002975093,36.0495898
S14,4,-1.91E-04,MUS_T4_21_20240810_O2,250.9084127,-0.003795122,17.78903933,Mussel,7.3,18,8/10/2024,NA,21,0,NA,8:18:00,9:20:00,641,0.2491,11.0994,8:03:00,9:24:00,-0.002432673,-0.002241761,32.39799232
S14,4,-1.91E-04,MUS_T4_23_20240810_O2,241.1689331,-0.007280366,17.64738764,Mussel,7.3,18,8/10/2024,NA,23,0,NA,8:18:00,9:20:00,635,0.5282,20.5037,8:03:00,9:24:00,-0.004623032,-0.00443212,30.20756072
S14,4,-1.91E-04,NUC_T4_14_20240810_O2,229.8769053,-0.009074031,17.25958989,Nucella,7.3,18,8/10/2024,NA,14,0,NA,8:18:00,9:20:00,115.1,0.0507,1.2027,8:05:00,9:26:00,-0.001044421,-8.54E-04,60.60418337
S14,4,-1.91E-04,NUC_T4_58_20240810_O2,236.6364197,-0.008826182,17.09918539,Nucella,7.3,18,8/10/2024,NA,58,0,NA,8:18:00,9:20:00,155.5,0.0346,0.7765,8:05:00,9:26:00,-0.001372471,-0.001181559,122.9367988
S14,4,-1.91E-04,NUC_T4_67_20240810_O2,287.1329781,-0.012530785,17.22182584,Nucella,7.3,18,8/10/2024,NA,67,0,NA,8:18:00,9:20:00,155.5,0.0376,0.7608,8:05:00,9:26:00,-0.001948537,-0.001757625,168.2832498
S14,4,-1.91E-04,NUC_T4_98_20240810_O2,233.2197933,-0.015156919,17.2072191,Nucella,7.3,18,8/10/2024,NA,98,0,NA,8:18:00,9:20:00,115.5,0.0485,0.8502,8:05:00,9:26:00,-0.001750624,-0.001559712,115.7724446
S15,5,-1.75E-04,MUS_T5_26_20240810_O2,230.9420911,-0.007774113,17.74884659,Mussel,7.7,18,8/10/2024,NA,26,0,NA,10:00:00,11:01:00,637,0.4153,19.6894,9:36:00,11:05:00,-0.00495211,-0.004776978,41.40891431
S15,5,-1.75E-04,MUS_T5_27_20240810_O2,251.7368082,-0.004949154,17.76797159,Mussel,7.7,18,8/10/2024,NA,27,0,NA,10:00:00,11:01:00,639,0.2764,13.031,9:36:00,11:05:00,-0.003162509,-0.002987378,38.90940934
S15,5,-1.75E-04,MUS_T5_28_20240810_O2,245.5557781,-0.006233598,17.64410227,Mussel,7.7,18,8/10/2024,NA,28,0,NA,10:00:00,11:01:00,640,0.3327,13.0674,9:36:00,11:05:00,-0.003989502,-0.003814371,41.27362688
S15,5,-1.75E-04,MUS_T5_29_20240810_O2,230.3575459,-0.006625061,17.58510795,Mussel,7.7,18,8/10/2024,NA,29,0,NA,10:00:00,11:01:00,636,0.365,18.7624,9:36:00,11:05:00,-0.004213539,-0.004038407,39.83086844
S15,5,-1.75E-04,NUC_T5_12_20240810_O2,242.1547176,-0.009560882,17.22532386,Nucella,7.7,18,8/10/2024,NA,12,0,NA,10:00:00,11:01:00,115.6,0.0263,0.6738,9:38:00,11:08:00,-0.001105238,-9.30E-04,127.3149664
S15,5,-1.75E-04,NUC_T5_21_20240810_O2,236.6780425,-0.008546913,17.3384375,Nucella,7.7,18,8/10/2024,NA,21,0,NA,10:00:00,11:01:00,155.4,0.0507,1.0277,9:38:00,11:08:00,-0.00132819,-0.001153059,81.87400064
S15,5,-1.75E-04,NUC_T5_26_20240810_O2,225.9666673,-0.009236924,17.288875,Nucella,7.7,18,8/10/2024,NA,26,0,NA,10:00:00,11:01:00,155.5,0.0736,0.7605,9:38:00,11:08:00,-0.001436342,-0.00126121,61.68963368
S15,5,-1.75E-04,NUC_T5_71_20240810_O2,222.2845142,-0.005810091,17.13436364,Nucella,7.7,18,8/10/2024,NA,71,0,NA,10:00:00,11:01:00,155.1,0.0362,0.9934,9:38:00,11:08:00,-9.01E-04,-7.26E-04,72.20026253
S15,5,-1.75E-04,NUC_T5_86_20240810_O2,277.0919519,-0.018547999,17.29726705,Nucella,7.7,18,8/10/2024,NA,86,0,NA,10:00:00,11:01:00,115,0.0597,1.4916,9:56:00,11:08:00,-0.00213302,-0.001957889,118.0636284
S16,6,-2.12E-04,MUS_T6_31_20240810_O2,243.0763483,-0.005524376,18.19042077,Mussel,7.9,18,8/10/2024,NA,31,0,NA,11:40:00,12:41:00,640,0.308,13.5844,11:16:00,12:50:00,-0.003535601,-0.003323709,38.84854925
S16,6,-2.12E-04,MUS_T6_32_20240810_O2,239.5434327,-0.00480929,18.20979121,Mussel,7.9,18,8/10/2024,NA,32,0,NA,11:40:00,12:41:00,638,0.2296,17.5145,11:16:00,12:50:00,-0.003068327,-0.002856436,44.78731953
S16,6,-2.12E-04,MUS_T6_33_20240810_O2_Trim,254.6716154,-0.00431278,18.11610753,Mussel,7.9,18,8/10/2024,NA,33,0,trim,11:40:00,12:41:00,638,0.395,18.7482,11:16:00,12:50:00,-0.002751554,-0.002539662,23.14628957
S16,6,-2.12E-04,MUS_T6_34_20240810_O2,256.0946917,-0.006193521,18.18826776,Mussel,7.9,18,8/10/2024,NA,34,0,NA,11:40:00,12:41:00,640,0.2857,13.9338,11:16:00,12:50:00,-0.003963853,-0.003751962,47.27708153
S16,6,-2.12E-04,MUS_T6_35_20240810_O2,234.1898721,-0.00503207,18.10516484,Mussel,7.9,18,8/10/2024,NA,35,0,NA,11:40:00,12:41:00,642,0.3167,10.92,11:16:00,12:50:00,-0.003230589,-0.003018697,34.3142117
S16,6,-2.12E-04,NUC_T6_24_20240810_O2,230.9239519,-0.009376714,17.91913661,Nucella,7.9,18,8/10/2024,NA,24,0,NA,11:40:00,12:41:00,115.2,0.0596,1.0826,11:22:00,12:53:00,-0.001080197,-8.68E-04,52.44800735
S16,6,-2.12E-04,NUC_T6_49_20240810_O2,215.4897419,-0.015548892,17.86896721,Nucella,7.9,18,8/10/2024,NA,49,0,NA,11:40:00,12:41:00,115.1,0.0964,1,11:22:00,12:53:00,-0.001789677,-0.001577786,58.9214668
S16,6,-2.12E-04,NUC_T6_54_20240810_O2,229.8426999,-0.009389807,17.7490765,Nucella,7.9,18,8/10/2024,NA,54,0,NA,11:40:00,12:41:00,115.3,0.0415,0.845,11:22:00,12:53:00,-0.001082645,-8.71E-04,75.53521942
S16,6,-2.12E-04,NUC_T6_79_20240810_O2,280.9925271,-0.013636622,17.86779235,Nucella,7.9,18,8/10/2024,NA,79,0,NA,11:40:00,12:41:00,115.4,0.0373,0.8128,11:22:00,12:53:00,-0.001573666,-0.001361775,131.4313327
S17,7,-3.99E-04,MUS_T7_37_20240810_O2_Trim,257.9057893,-0.007879861,18.46363636,Mussel,7.5,18,8/10/2024,NA,42,0,trim,13:20:00,14:22:00,639,0.3172,12.9938,12:59:00,14:24:00,-0.005035231,-0.004636003,52.6154225
S17,7,-3.99E-04,MUS_T7_38_20240810_O2,242.360207,-0.005588669,18.61783523,Mussel,7.5,18,8/10/2024,NA,38,0,NA,13:20:00,14:22:00,643,0.2529,10.5289,12:59:00,14:24:00,-0.003593514,-0.003194287,45.47027254
S17,7,-3.99E-04,MUS_T7_39_20240810_O2,247.260369,-0.008451198,18.70311932,Mussel,7.5,18,8/10/2024,NA,39,0,NA,13:20:00,14:22:00,640,0.3137,13.6538,12:59:00,14:24:00,-0.005408767,-0.005009539,57.48912931
S17,7,-3.99E-04,MUS_T7_40_20240810_O2,247.7067474,-0.003916979,18.61703409,Mussel,7.5,18,8/10/2024,NA,40,0,NA,13:20:00,14:22:00,631,0.6127,27.5359,12:59:00,14:24:00,-0.002471614,-0.002072386,12.17657954
S17,7,-3.99E-04,MUS_T7_41_20240810_O2,238.0373308,-0.005340307,18.49257955,Mussel,7.5,18,8/10/2024,NA,41,0,NA,13:20:00,14:22:00,638,0.2862,16.4357,12:59:00,14:24:00,-0.003407116,-0.003007888,37.83506801
S17,7,-3.99E-04,NUC_T7_08_20240810_O2,239.2199786,-0.006351844,18.32733523,Nucella,7.5,18,8/10/2024,NA,8,0,NA,13:20:00,14:22:00,115.4,0.0443,0.8754,13:03:00,14:28:00,-7.33E-04,-3.34E-04,27.12392821
S17,7,-3.99E-04,NUC_T7_09_20240810_O2,222.2861882,-0.019414009,18.29011932,Nucella,7.5,18,8/10/2024,NA,9,0,NA,13:20:00,14:22:00,115.1,0.0686,1.1519,13:03:00,14:28:00,-0.002234552,-0.001835325,96.31441532
S17,7,-3.99E-04,NUC_T7_108_20240810_O2,231.3006236,-0.013070464,18.17014205,Nucella,7.5,18,8/10/2024,NA,108,0,NA,13:20:00,14:22:00,115.3,0.0518,1,13:03:00,14:28:00,-0.001507025,-0.001107797,76.9897361
S17,7,-3.99E-04,NUC_T7_92_20240810_O2,276.6655515,-0.013520058,18.28519318,Nucella,7.5,18,8/10/2024,NA,92,0,NA,13:20:00,14:22:00,115.2,0.0634,1.3238,13:03:00,14:28:00,-0.001557511,-0.001158283,65.77000969
S18,2,-2.76E-04,NUC_T2_35_20240810_O2,225.7836803,-0.009420166,18.23020968,Nucella,7.4,18,8/10/2024,NA,35,0,NA,15:00:00,16:05:00,115.2,0.0409,1.1221,14:50:00,16:07:00,-0.001085203,-8.10E-04,71.26609695
S18,4,-1.80E-04,NUC_T4_02_20240810_O2,226.2055754,-0.01483268,18.20765591,Nucella,7.3,18,8/10/2024,NA,2,0,NA,15:00:00,16:05:00,115.3,0.0394,1.1445,14:50:00,16:07:00,-0.001710208,-0.001530413,139.8346628
S18,7,-1.65E-04,NUC_T7_63_20240810_O2,225.2493821,-0.010966567,18.08943243,Nucella,7.5,18,8/10/2024,NA,63,0,NA,15:00:00,16:05:00,115.1,0.0623,1.0472,14:50:00,16:07:00,-0.001262252,-0.001096961,63.38778197
S19,8,-1.88E-04,MUS_T8_44_20240811_O2,238.6577182,-0.006358046,18.00580447,Mussel,7.6,18,8/11/2024,NA,44,0,NA,6:40:00,7:42:00,636,0.3946,18.0543,6:30:00,7:45:00,-0.004043717,-0.003855449,35.17388626
S19,8,-1.88E-04,MUS_T8_47_20240811_O2,251.9978802,-0.004512911,17.89592179,Mussel,7.6,18,8/11/2024,NA,47,0,NA,6:40:00,7:42:00,639,0.3063,12.7814,6:30:00,7:45:00,-0.00288375,-0.002695482,31.68048858
S19,8,-1.88E-04,NUC_T8_04_20240811_O2,234.9016252,-0.011501992,17.56049721,Nucella,7.6,18,8/11/2024,NA,4,0,NA,6:40:00,7:42:00,115.4,0.052,1.046,6:35:00,7:48:00,-0.00132733,-0.001139061,78.85809795
S19,8,-1.88E-04,NUC_T8_59_20240811_O2,288.5239376,-0.014165658,17.67034078,Nucella,7.6,18,8/11/2024,NA,59,0,NA,6:40:00,7:42:00,115.1,0.0745,1.3339,6:35:00,7:48:00,-0.001630467,-0.001442199,69.69014639
S19,8,-1.88E-04,NUC_T8_85_20240811_O2,227.7855523,-0.012357909,17.73236872,Nucella,7.6,18,8/11/2024,NA,85,0,NA,6:40:00,7:42:00,115,0.078,1.4557,6:35:00,7:48:00,-0.001421159,-0.001232891,56.90266578
S19,8,-1.88E-04,NUC_T8_94_20240811_O2,241.2925107,-0.002993183,17.68107821,Nucella,7.6,18,8/11/2024,NA,94,0,NA,6:40:00,7:42:00,115.5,0.0231,0.6532,6:35:00,7:48:00,-3.46E-04,-1.57E-04,24.53677035
S2,3,-5.07E-04,MUS_T3_13_20240808_O2_Trim,231.6689387,-0.008448937,21.70493548,Mussel,7.8,22,8/8/2024,NA,13,0,trim,8:29:00,9:31:00,635,0.5528,21.6251,8:11:00,9:31:00,-0.005365075,-0.004858071,31.63722125
S2,3,-5.07E-04,MUS_T3_15_20240808_O2,220.4950401,-0.010519363,21.69054494,Mussel,7.8,22,8/8/2024,NA,15,0,NA,8:29:00,9:31:00,633,0.5903,21.6753,8:11:00,9:31:00,-0.006658757,-0.006151753,37.51704394
S2,3,-5.07E-04,MUS_T3_16_20240808_O2,228.9892655,-0.004468738,21.79603933,Mussel,7.8,22,8/8/2024,NA,16,0,NA,8:29:00,9:31:00,640,0.4105,13.3988,8:11:00,9:31:00,-0.002859993,-0.002352989,20.63522624
S2,3,-5.07E-04,MUS_T3_17_20240808_O2,222.3346704,-0.005533102,21.55268539,Mussel,7.8,22,8/8/2024,NA,17,0,NA,8:29:00,9:31:00,638,0.3835,17.4959,8:11:00,9:31:00,-0.003530119,-0.003023115,28.37865708
S2,3,-5.07E-04,MUS_T3_18_20240808_O2,233.7804313,-0.005480177,21.69614045,Mussel,7.8,22,8/8/2024,NA,18,0,NA,8:29:00,9:31:00,638,0.3356,18.3471,8:11:00,9:31:00,-0.003496353,-0.002989349,32.06691869
S2,3,-5.07E-04,NUC_T3_47_20240808_O2,221.467185,-0.001929862,21.5190565,Nucella,7.8,22,8/8/2024,NA,47,0,NA,8:29:00,9:31:00,115.5,0.0404,0.9522,8:18:00,9:31:00,-2.23E-04,2.84E-04,-25.31624684
S2,3,-5.07E-04,NUC_T3_80_20240808_O2,271.7734562,-0.004685667,21.52519774,Nucella,7.8,22,8/8/2024,NA,80,0,NA,8:29:00,9:31:00,115.5,0.0319,0.73,8:18:00,9:31:00,-5.41E-04,-3.42E-05,3.858538869
S2,3,-5.07E-04,NUC_T3_81_20240808_O2,221.2935946,-0.007466724,21.57376966,Nucella,7.8,22,8/8/2024,NA,81,0,NA,8:29:00,9:31:00,115.6,0.0533,1.0812,8:18:00,9:31:00,-8.63E-04,-3.56E-04,24.05513449
S2,3,-5.07E-04,NUC_T3_88_20240808_O2,221.6614201,-0.00635645,21.40819209,Nucella,7.8,22,8/8/2024,NA,88,0,NA,8:29:00,9:31:00,115.5,0.0367,0.7713,8:18:00,9:31:00,-7.34E-04,-2.27E-04,22.28334642
S20,9,-1.96E-04,MUS_T9_110_20240811_O2,239.9595392,-0.006428385,18.21715909,Mussel,7.2,18,8/11/2024,NA,110,0,NA,8:13:00,9:15:00,635,0.4172,19.5392,7:55:00,9:18:00,-0.004082025,-0.003885646,33.52906602
S20,9,-1.96E-04,MUS_T9_50_20240811_O2,244.9095838,-0.006331736,18.38760227,Mussel,7.2,18,8/11/2024,NA,50,0,NA,8:13:00,9:15:00,640,0.3345,14.3465,7:55:00,9:18:00,-0.004052311,-0.003855933,41.49882761
S20,9,-1.96E-04,MUS_T9_51_20240811_O2,244.0895165,-0.004088006,18.32563636,Mussel,7.2,18,8/11/2024,NA,51,0,NA,8:13:00,9:15:00,640,0.2657,14.6492,7:55:00,9:18:00,-0.002616324,-0.002419945,32.78812055
S20,9,-1.96E-04,MUS_T9_53_20240811_O2,238.4183589,-0.005550343,18.43630682,Mussel,7.2,18,8/11/2024,NA,53,0,NA,8:13:00,9:15:00,639,0.3302,15.7404,7:55:00,9:18:00,-0.003546669,-0.00335029,36.52648599
S20,9,-1.96E-04,NUC_T9_111_20240811_O2,225.941508,-0.016532614,18.15025,Nucella,7.2,18,8/11/2024,NA,111,0,NA,8:13:00,8:15:00,115.5,0.057,0.937,7:59:00,8:21:00,-0.001909517,-0.001713138,108.1982166
S20,9,-1.96E-04,NUC_T9_17_20240811_O2,232.2910573,-0.013466205,17.97555682,Nucella,7.2,18,8/11/2024,NA,17,0,NA,8:13:00,8:15:00,115.5,0.0505,0.8598,7:59:00,8:21:00,-0.001555347,-0.001358968,96.87693874
S20,9,-1.96E-04,NUC_T9_42_20240811_O2,232.8584479,-0.01081807,18.09302273,Nucella,7.2,18,8/11/2024,NA,42,0,NA,8:13:00,8:15:00,115.5,0.0421,0.8081,7:59:00,8:21:00,-0.001249487,-0.001053109,90.05203839
S20,9,-1.96E-04,NUC_T9_43_20240811_O2,240.2358538,-0.015737748,18.08368182,Nucella,7.2,18,8/11/2024,NA,43,0,NA,8:13:00,8:15:00,115.5,0.0409,0.8154,7:59:00,8:21:00,-0.00181771,-0.001621331,142.7088809
S20,9,-1.96E-04,NUC_T9_57_20240811_O2,279.5740452,-0.016341794,18.09286364,Nucella,7.2,18,8/11/2024,NA,57,0,NA,8:13:00,8:15:00,115.2,0.0674,1.1053,7:59:00,8:21:00,-0.001882575,-0.001686196,90.06389383
S21,10,-2.92E-04,MUS_T10_55_20240811_O2,237.2494557,-0.007420094,18.07027933,Mussel,7.8,18,8/11/2024,NA,55,0,NA,9:41:00,10:43:00,635,0.4519,18.8273,9:26:00,10:45:00,-0.004711759,-0.004419308,35.20581474
S21,10,-2.92E-04,MUS_T10_56_20240811_O2,254.3069271,-0.005732895,18.32317877,Mussel,7.8,18,8/11/2024,NA,56,0,NA,9:41:00,10:43:00,639,0.293,15.211,9:26:00,10:45:00,-0.00366332,-0.003370868,41.41681194
S21,10,-2.92E-04,MUS_T10_58_20240811_O2,251.3361624,-0.006601692,18.22344693,Mussel,7.8,18,8/11/2024,NA,58,0,NA,9:41:00,10:43:00,635,0.4726,18.6941,9:26:00,10:45:00,-0.004192074,-0.003899623,29.70512328
S21,10,-2.92E-04,NUC_T10_36_20240811_O2,236.3033308,-0.012899386,18.1254581,Nucella,7.8,18,8/11/2024,NA,36,0,NA,9:41:00,10:43:00,115.1,0.064,0.9928,9:30:00,10:50:00,-0.001484719,-0.001192267,67.06504687
S21,10,-2.92E-04,NUC_T10_78_20240811_O2,284.2369917,-0.011933022,18.13046927,Nucella,7.8,18,8/11/2024,NA,78,0,NA,9:41:00,10:43:00,115.4,0.0441,0.8646,9:30:00,10:50:00,-0.001377071,-0.001084619,88.5403221
S21,10,-2.92E-04,NUC_T10_89_20240811_O2,242.0909528,-0.005212184,18.14749162,Nucella,7.8,18,8/11/2024,NA,89,0,NA,9:41:00,10:43:00,115.6,0.0316,0.6342,9:30:00,10:50:00,-6.03E-04,-3.10E-04,35.32519274
S21,10,-2.92E-04,NUC_T10_97_20240811_O2,238.3940622,-0.013399763,17.98818994,Nucella,7.8,18,8/11/2024,NA,97,0,NA,9:41:00,10:43:00,115.1,0.0731,1.1372,9:30:00,10:50:00,-0.001542313,-0.001249861,61.55266086
S22,13,-2.46E-04,MUS_T13_73_20240811_O2,246.9814936,-0.007466184,18.60455114,Mussel,8,18,8/11/2024,NA,73,0,NA,11:15:00,12:16:00,637,0.4864,20.7081,10:56:00,12:20:00,-0.004755959,-0.004510065,33.38041408
S22,13,-2.46E-04,MUS_T13_75_20240811_O2,244.4871067,-0.005086718,18.54325568,Mussel,8,18,8/11/2024,NA,75,0,NA,11:15:00,12:16:00,639,0.4042,14.7032,10:56:00,12:20:00,-0.003250413,-0.003004518,26.75968923
S22,13,-2.46E-04,MUS_T13_76_20240811_O2,250.3201821,-0.006340755,18.58565341,Mussel,8,18,8/11/2024,NA,76,0,NA,11:15:00,12:16:00,635,0.5162,18.26,10:56:00,12:20:00,-0.004026379,-0.003780485,26.36525774
S22,13,-2.46E-04,MUS_T13_77_20240811_O2,235.5106682,-0.005316955,18.42365341,Mussel,8,18,8/11/2024,NA,77,0,NA,11:15:00,12:16:00,641,0.3413,12.5639,10:56:00,12:20:00,-0.003408168,-0.003162274,33.3553619
S22,13,-2.46E-04,MUS_T13_78_20240811_O2,244.5529742,-0.007928034,18.6224375,Mussel,8,18,8/11/2024,NA,78,0,NA,11:15:00,12:16:00,635,0.4668,18.811,10:56:00,12:20:00,-0.005034301,-0.004788407,36.92858856
S22,13,-2.46E-04,NUC_T13_07_20240811_O2,233.7170484,-0.009618101,18.23993182,Nucella,8,18,8/11/2024,NA,7,0,NA,11:15:00,12:16:00,115.5,0.0378,0.7162,10:59:00,12:25:00,-0.001110891,-8.65E-04,82.38060346
S22,13,-2.46E-04,NUC_T13_200_20240811_O2,286.4765178,-0.010472846,18.37438068,Nucella,8,18,8/11/2024,NA,112,0,"changed ID, was 200 in notes",11:15:00,12:16:00,115.5,0.0247,0.6489,10:59:00,12:25:00,-0.001209614,-9.64E-04,140.4611212
S22,13,-2.46E-04,NUC_T13_40_20240811_O2,225.7170503,-0.015020513,18.36695455,Nucella,8,18,8/11/2024,NA,40,0,NA,11:15:00,12:16:00,115.5,0.0539,0.8537,10:59:00,12:25:00,-0.001734869,-0.001488975,99.44916409
S22,13,-2.46E-04,NUC_T13_53_20240811_O2,223.4829763,-0.015460104,18.4080625,Nucella,8,18,8/11/2024,NA,53,0,NA,11:15:00,12:16:00,115.1,0.0956,1.4403,10:59:00,12:25:00,-0.001779458,-0.001533564,57.74926057
S23,8,-2.44E-04,NUC_T8_28_20240811_O2,230.773614,-0.011082435,18.29401705,Nucella,7.6,18,8/11/2024,NA,28,0,NA,12:45:00,13:47:00,115.3,0.0616,0.9631,12:28:00,13:50:00,-0.001277805,-0.001033597,60.40502225
S23,10,-3.21E-04,NUC_T10_76_20240811_O2,229.5661906,-0.01244267,18.24925568,Nucella,7.8,18,8/11/2024,NA,76,0,NA,12:45:00,13:47:00,115.5,0.0463,0.7749,12:30:00,13:50:00,-0.001437128,-0.001115654,86.74634209
S23,13,-9.42E-05,NUC_T13_25_20240811_O2,229.2666837,-0.016037322,18.15547727,Nucella,8,18,8/11/2024,NA,25,0,NA,12:45:00,13:47:00,115.1,0.0765,1.2104,12:34:00,13:50:00,-0.001845896,-0.001751701,82.43300201
S23,13,-9.42E-05,NUC_T13_51_20240811_O2,294.6696755,-0.006259242,18.28162286,Nucella,8,18,8/11/2024,NA,51,0,NA,12:45:00,13:47:00,115.5,0.0531,0.8326,12:34:00,13:50:00,-7.23E-04,-6.29E-04,42.6269817
S3,11,-2.93E-04,MUS_T11_61_20240808_O2,220.378906,-0.005868433,21.62877273,Mussel,7.5,22,8/8/2024,NA,61,0,NA,9:59:00,11:00:00,637,0.4207,18.9036,9:45:00,11:05:00,-0.003738192,-0.003445099,29.48028645
S3,11,-2.93E-04,MUS_T11_63_20240808_O2,224.3596596,-0.006571351,21.68545455,Mussel,7.5,22,8/8/2024,NA,63,0,NA,9:59:00,11:00:00,638,0.3997,17.8176,9:45:00,11:05:00,-0.004192522,-0.003899429,35.12120017
S3,11,-2.93E-04,MUS_T11_64_20240808_O2,229.82334,-0.004853982,21.77366477,Mussel,7.5,22,8/8/2024,NA,64,0,NA,9:59:00,11:00:00,640,0.2707,16.3031,9:45:00,11:05:00,-0.003106548,-0.002813455,37.41573164
S3,11,-2.93E-04,MUS_T11_65_20240808_O2,224.3169863,-0.003991565,21.77110227,Mussel,7.5,22,8/8/2024,NA,65,0,NA,9:59:00,11:00:00,642,0.2226,12.5589,9:45:00,11:05:00,-0.002562585,-0.002269492,36.70337171
S3,11,-2.93E-04,NUC_T11_11_20240808_O2,219.5899743,-0.005900646,21.49273295,Nucella,7.5,22,8/8/2024,NA,11,0,NA,9:59:00,11:00:00,115.5,0.0327,1.0918,9:48:00,11:05:00,-6.82E-04,-3.88E-04,42.76309923
S3,11,-2.93E-04,NUC_T11_32_20240808_O2,225.5422971,-0.006163453,21.5986875,Nucella,7.5,22,8/8/2024,NA,32,0,NA,9:59:00,11:00:00,115.6,0.0227,0.6814,9:48:00,11:05:00,-7.12E-04,-4.19E-04,66.51310259
S3,11,-2.93E-04,NUC_T11_45_20240808_O2,223.6354906,-0.006807397,21.65172159,Nucella,7.5,22,8/8/2024,NA,45,0,NA,9:59:00,11:00:00,115.5,0.0264,0.8018,9:48:00,11:05:00,-7.86E-04,-4.93E-04,67.24925792
S3,11,-2.93E-04,NUC_T11_50_20240808_O2,270.5839848,-0.005898481,21.59672159,Nucella,7.5,22,8/8/2024,NA,50,0,NA,9:59:00,11:00:00,115.5,0.0364,0.7191,9:48:00,11:05:00,-6.81E-04,-3.88E-04,38.39156873
S3,12,-2.33E-04,MUS_T12_67_20240808_O2,224.2137373,-0.008003016,21.57288202,Mussel,7.4,22,8/8/2024,NA,67,0,NA,11:29:00,12:31:00,632,0.4447,17.8152,11:15:00,12:35:00,-0.005057906,-0.004824693,39.05755788
S3,12,-2.33E-04,MUS_T12_68_20240808_O2,219.1548565,-0.007824629,21.45492697,Mussel,7.4,22,8/8/2024,NA,68,0,NA,11:29:00,12:31:00,623,0.4234,19.9443,11:15:00,12:35:00,-0.004874744,-0.004641531,39.46507565
S3,12,-2.33E-04,MUS_T12_70_20240808_O2,231.528741,-0.005159713,21.55687079,Mussel,7.4,22,8/8/2024,NA,70,0,NA,11:29:00,12:31:00,635,0.2144,10.736,11:15:00,12:35:00,-0.003276418,-0.003043205,51.09859445
S3,12,-2.33E-04,MUS_T12_71_20240808_O2,235.1266762,-0.00680988,21.58116854,Mussel,7.4,22,8/8/2024,NA,71,0,NA,11:29:00,12:31:00,631,0.3081,14.3074,11:15:00,12:35:00,-0.004297034,-0.004063822,47.48379706
S3,12,-2.33E-04,NUC_T12_101_20240808_O2,224.0474289,-0.008135295,21.3472191,Nucella,7.4,22,8/8/2024,NA,101,0,NA,11:29:00,12:31:00,115.2,0.0575,0.8481,11:20:00,12:35:00,-9.37E-04,-7.04E-04,44.07485725
S3,12,-2.33E-04,NUC_T12_104_20240808_O2,227.3190912,-0.002886429,21.41719101,Nucella,7.4,22,8/8/2024,NA,104,0,NA,11:29:00,12:31:00,115.6,0.011,0.7545,11:20:00,12:35:00,-3.34E-04,-1.00E-04,32.87736377
S3,12,-2.33E-04,NUC_T12_29_20240808_O2,274.0286949,-0.009099358,21.35124719,Nucella,7.4,22,8/8/2024,NA,29,0,NA,11:29:00,12:31:00,115.2,0.0417,0.7811,11:20:00,12:35:00,-0.001048246,-8.15E-04,70.36259745
S3,12,-2.33E-04,NUC_T12_87_20240808_O2,218.714296,-0.004443731,21.24338202,Nucella,7.4,22,8/8/2024,NA,87,0,NA,11:29:00,12:31:00,115.4,0.022,0.7413,11:20:00,12:35:00,-5.13E-04,-2.80E-04,45.75174091
S4,14,-4.25E-04,MUS_T14_79_20240808_O2,223.7694552,-0.007083887,21.55170707,Mussel,7.2,22,8/8/2024,NA,79,0,NA,13:05:00,14:07:00,625,0.3406,17.8293,12:32:00,14:10:00,-0.004427429,-0.004002204,42.30162494
S4,14,-4.25E-04,MUS_T14_80_20240808_O2,223.6552299,-0.008700171,21.49109596,Mussel,7.2,22,8/8/2024,NA,80,0,NA,13:05:00,14:07:00,629,0.4141,18.4267,12:32:00,14:10:00,-0.005472408,-0.005047182,43.87794192
S4,14,-4.25E-04,MUS_T14_82_20240808_O2,227.2716227,-0.005411099,21.53441414,Mussel,7.2,22,8/8/2024,NA,82,0,NA,13:05:00,14:07:00,634,0.2573,12.7756,12:32:00,14:10:00,-0.003430637,-0.003005411,42.05006235
S4,14,-4.25E-04,MUS_T14_83_20240808_O2,219.9960357,-0.006606579,21.5445101,Mussel,7.2,22,8/8/2024,NA,83,0,NA,13:05:00,14:07:00,625,0.422,16.1603,12:32:00,14:10:00,-0.004129112,-0.003703886,31.59713218
S4,14,-4.25E-04,MUS_T14_84_20240808_O2,213.2390338,-0.008077482,21.43079293,Mussel,7.2,22,8/8/2024,NA,84,0,NA,13:05:00,14:07:00,622,0.4507,18.4427,12:32:00,14:10:00,-0.005024194,-0.004598968,36.73460341
S4,14,-4.25E-04,NUC_T14_60_20240808_O2,223.5602452,-0.00221418,21.29034343,Nucella,7.2,22,8/8/2024,NA,60,0,NA,13:05:00,14:07:00,115.2,0.0869,1.2456,12:36:00,14:10:00,-2.55E-04,1.70E-04,-7.048878518
S4,14,-4.25E-04,NUC_T14_61_20240808_O2,263.9166383,-0.010726948,21.35085859,Nucella,7.2,22,8/8/2024,NA,61,0,"113 on afdw, same colors as 60",13:05:00,14:07:00,115.3,0.0607,0.9676,12:36:00,14:10:00,-0.001236817,-8.12E-04,48.13392559
S4,14,-4.25E-04,NUC_T14_70_20240808_O2,217.2050738,-0.004854159,21.35585859,Nucella,7.2,22,8/8/2024,NA,70,0,NA,13:05:00,14:07:00,115.5,0.0545,0.942,12:36:00,14:10:00,-5.61E-04,-1.35E-04,8.94581663
S4,14,-4.25E-04,NUC_T14_75_20240808_O2,218.0474141,-0.005148946,21.21520202,Nucella,7.2,22,8/8/2024,NA,75,0,NA,13:05:00,14:07:00,115.6,0.0313,0.8706,12:36:00,14:10:00,-5.95E-04,-1.70E-04,19.55184867
S5,1,-3.87E-04,NUC_T1_16_20240808_O2,269.1693866,-0.00585459,21.47707222,Nucella,7.6,22,8/8/2024,NA,16,0,NA,14:49:00,15:50:00,115.5,0.0278,0.9038,14:45:00,15:52:00,-6.76E-04,-2.89E-04,37.43710757
S5,12,-2.77E-04,NUC_T12_05_20240808_O2,216.053261,-0.012620557,21.48856667,Nucella,7.4,22,8/8/2024,NA,5,0,NA,14:49:00,15:50:00,115.4,0.079,1.2256,14:45:00,15:52:00,-0.001456412,-0.001178919,53.72289061
S6,15,-5.98E-04,MUS_T15_85_20240809_O2,226.666576,-0.007324524,21.74286441,Mussel,7.7,22,8/9/2024,NA,85,0,NA,6:31:00,7:42:00,638,0.3968,18.7084,6:10:00,7:45:00,-0.004673046,-0.004075097,36.97164697
S6,15,-5.98E-04,MUS_T15_86_20240809_O2,218.4727708,-0.010565843,21.66600565,Mussel,7.7,22,8/9/2024,NA,86,0,NA,6:31:00,7:42:00,635,0.4828,20.2041,6:10:00,7:45:00,-0.00670931,-0.006111361,45.56938511
S6,15,-5.98E-04,MUS_T15_87_20240809_O2,228.3982317,-0.006044675,21.75012994,Mussel,7.7,22,8/9/2024,NA,87,0,NA,6:31:00,7:42:00,636,0.2972,19.3552,6:10:00,7:45:00,-0.003844413,-0.003246464,39.32459999
S6,15,-5.98E-04,MUS_T15_89_20240809_O2,234.8568514,-0.006332392,21.76744068,Mussel,7.7,22,8/9/2024,NA,89,0,NA,6:31:00,7:42:00,641,0.1991,12.6046,6:10:00,7:45:00,-0.004059063,-0.003461114,62.58166729
S6,15,-5.98E-04,NUC_T15_06_20240809_O2,237.4773727,-0.003922922,21.7899209,Nucella,7.7,22,8/9/2024,NA,6,0,NA,6:31:00,7:42:00,115.4,0.0325,0.8256,6:12:00,7:45:00,-4.53E-04,1.45E-04,-16.08856942
S6,15,-5.98E-04,NUC_T15_106_20240809_O2,266.8803818,-0.013311307,21.80445198,Nucella,7.7,22,8/9/2024,NA,106,0,NA,6:31:00,7:42:00,115.4,0.0548,1.0987,6:12:00,7:45:00,-0.001536125,-9.38E-04,61.63197029
S6,15,-5.98E-04,NUC_T15_110_20240809_O2,224.9312809,-0.010822268,21.78846893,Nucella,7.7,22,8/9/2024,NA,110,0,NA,6:31:00,7:42:00,115.3,0.0441,1.257,6:12:00,7:45:00,-0.001247807,-6.50E-04,53.04964967
S6,15,-5.98E-04,NUC_T15_62_20240809_O2,222.6701669,-0.0078712,21.68355367,Nucella,7.7,22,8/9/2024,NA,62,0,NA,6:31:00,7:42:00,115.4,0.0239,0.9509,6:12:00,7:45:00,-9.08E-04,-3.10E-04,46.75287812
S6,15,-5.98E-04,NUC_T15_91_20240809_O2,223.7431178,-0.006204548,21.8789096,Nucella,7.7,22,8/9/2024,NA,91,0,NA,6:31:00,7:42:00,115.5,0.0243,0.7502,6:12:00,7:45:00,-7.17E-04,-1.19E-04,17.58162774
S7,17,-3.41E-04,MUS_T17_92_20240809_O2_Trim,235.7095262,-0.010902826,21.82774118,Mussel,7.9,22,8/9/2024,NA,92,0,trim,8:08:00,9:11:00,634,0.5772,23.3969,7:54:00,9:13:00,-0.006912392,-0.00657131,40.98530351
S7,17,-3.41E-04,MUS_T17_93_20240809_O2,224.4825813,-0.006349317,21.88641573,Mussel,7.9,22,8/9/2024,NA,93,0,NA,8:08:00,9:11:00,638,0.3294,19.0953,7:54:00,9:13:00,-0.004050864,-0.003709783,40.54407413
S7,17,-3.41E-04,MUS_T17_94_20240809_O2,216.9160932,-0.006630787,21.70835955,Mussel,7.9,22,8/9/2024,NA,94,0,NA,8:08:00,9:11:00,635,0.3731,20.3415,7:54:00,9:13:00,-0.00421055,-0.003869468,37.33606595
S7,17,-3.41E-04,MUS_T17_96_20240809_O2,228.8284718,-0.008171412,21.86217416,Mussel,7.9,22,8/9/2024,NA,96,0,NA,8:08:00,9:11:00,634,0.4377,20.3967,7:54:00,9:13:00,-0.005180675,-0.004839594,39.80474789
S7,17,-3.41E-04,NUC_T17_22_20240809_O2,210.9108252,-0.009562887,21.89510674,Nucella,7.9,22,8/9/2024,NA,22,0,NA,8:08:00,9:11:00,115.3,0.0514,0.947,7:47:00,9:13:00,-0.001102601,-7.62E-04,53.33599976
S7,17,-3.41E-04,NUC_T17_73_20240809_O2,272.8148052,-0.00509812,21.87758427,Nucella,7.9,22,8/9/2024,NA,73,0,NA,8:08:00,9:11:00,115.6,0.0233,0.6079,7:47:00,9:13:00,-5.89E-04,-2.48E-04,38.35797632
S7,17,-3.41E-04,NUC_T17_77_20240809_O2,218.6227102,-0.006018767,21.76838764,Nucella,7.9,22,8/9/2024,NA,77,0,NA,8:08:00,9:11:00,115.4,0.0343,0.968,7:47:00,9:13:00,-6.95E-04,-3.53E-04,37.10040034
S7,17,-3.41E-04,NUC_T17_82_20240809_O2,220.4319049,-0.004747393,21.96683708,Nucella,7.9,22,8/9/2024,NA,82,0,NA,8:08:00,9:11:00,115.5,0.0342,0.7286,7:47:00,9:13:00,-5.48E-04,-2.07E-04,21.81501302
S8,18,-2.79E-04,MUS_T18_100_20240809_O2,224.7294862,-0.007483454,22.05924457,Mussel,7.3,22,8/9/2024,NA,100,0,NA,9:44:00,10:45:00,643,0.2915,16.7726,9:31:00,10:47:00,-0.004811861,-0.004532443,55.97528531
S8,18,-2.79E-04,MUS_T18_97_20240809_O2,222.1897293,-0.00742543,22.09639674,Mussel,7.3,22,8/9/2024,NA,97,0,NA,9:44:00,10:45:00,640,0.3585,16.8686,9:31:00,10:47:00,-0.004752275,-0.004472857,44.91572119
S8,18,-2.79E-04,MUS_T18_98_20240809_O2,230.7127825,-0.006393844,22.02674457,Mussel,7.3,22,8/9/2024,NA,98,0,NA,9:44:00,10:45:00,634,0.4456,22.4513,9:31:00,10:47:00,-0.004053697,-0.00377428,30.49238439
S8,18,-2.79E-04,NUC_T18_102_20240809_O2,215.1290724,-0.010936702,21.94333696,Nucella,7.3,22,8/9/2024,NA,102,0,NA,9:44:00,10:45:00,115.5,0.0491,0.9618,9:26:00,10:47:00,-0.001263189,-9.84E-04,72.12987302
S8,18,-2.79E-04,NUC_T18_107_20240809_O2,222.9074951,-0.005840531,22.04769022,Nucella,7.3,22,8/9/2024,NA,107,0,NA,9:44:00,10:45:00,115.5,0.0333,0.8218,9:26:00,10:47:00,-6.75E-04,-3.95E-04,42.72038603
S8,18,-2.79E-04,NUC_T18_37_20240809_O2,212.8436685,-0.012132207,22.13575,Nucella,7.3,22,8/9/2024,NA,37,0,NA,9:44:00,10:45:00,115.4,0.0534,1.0767,9:26:00,10:47:00,-0.001400057,-0.001120639,75.54869288
S8,18,-2.79E-04,NUC_T18_39_20240809_O2,216.6678215,-0.008912509,22.06398913,Nucella,7.3,22,8/9/2024,NA,39,0,NA,9:44:00,10:45:00,115.6,0.0642,0.8383,9:26:00,10:47:00,-0.001030286,-7.51E-04,42.10476714
S8,18,-2.79E-04,NUC_T18_65_20240809_O2,264.805088,-0.008208498,22.04877717,Nucella,7.3,22,8/9/2024,NA,65,0,NA,9:44:00,10:45:00,115.6,0.0341,0.7814,9:26:00,10:47:00,-9.49E-04,-6.69E-04,70.67872588
S9,19,-7.48E-04,MUS_T19_103_20240809_O2_Trim,236.9863533,-0.007514246,22.00505495,Mussel,8,22,8/9/2024,NA,103,0,trim,11:21:00,12:23:00,642,0.2544,11.0317,11:04:00,12:26:00,-0.004824146,-0.004076568,57.68728358
S9,19,-7.48E-04,MUS_T19_104_20240809_O2,233.5236111,-0.008360422,21.86400565,Mussel,8,22,8/9/2024,NA,104,0,NA,11:21:00,12:23:00,634,0.332,18.1569,11:04:00,12:26:00,-0.005300507,-0.004552929,49.36911323
S9,19,-7.48E-04,MUS_T19_106_20240809_O2,225.6656457,-0.007672418,22.05801695,Mussel,8,22,8/9/2024,NA,106,0,NA,11:21:00,12:23:00,636,0.4375,16.5745,11:04:00,12:26:00,-0.004879658,-0.00413208,34.00111613
S9,19,-7.48E-04,MUS_T19_107_20240809_O2,239.234832,-0.00843104,22.00176836,Mussel,8,22,8/9/2024,NA,107,0,NA,11:21:00,12:23:00,637,0.283,16.4229,11:04:00,12:26:00,-0.005370573,-0.004622995,58.80841447
S9,19,-7.48E-04,MUS_T19_108_20240809_O2_Trim,232.7466352,-0.008450358,22.12436957,Mussel,8,22,8/9/2024,NA,108,0,trim,11:21:00,12:23:00,639,0.3214,17.8326,11:04:00,12:26:00,-0.005399779,-0.004652201,52.10928324
S9,19,-7.48E-04,NUC_T19_10_20240809_O2,216.8076097,-0.010410811,22.12070056,Nucella,8,22,8/9/2024,NA,10,0,NA,11:21:00,12:23:00,115.5,0.0576,0.7705,11:08:00,12:26:00,-0.001202449,-4.55E-04,28.42941841
S9,19,-7.48E-04,NUC_T19_20_20240809_O2,217.7417806,-0.010344651,22.18414124,Nucella,8,22,8/9/2024,NA,20,0,NA,11:21:00,12:23:00,115.6,0.0347,0.9805,11:08:00,12:26:00,-0.001195842,-4.48E-04,46.50574886
S9,19,-7.48E-04,NUC_T19_48_20240809_O2,271.9537449,-0.010598538,22.10241808,Nucella,8,22,8/9/2024,NA,48,0,NA,11:21:00,12:23:00,115.6,0.0366,0.7845,11:08:00,12:26:00,-0.001225191,-4.78E-04,46.97833738
S9,19,-7.48E-04,NUC_T19_96_20240809_O2,213.4070732,-0.010375067,21.9889774,Nucella,8,22,8/9/2024,NA,96,0,NA,11:21:00,12:23:00,115.4,0.0524,1.2619,11:08:00,12:26:00,-0.001197283,-4.50E-04,30.89575234
S11,1,NA,T1_MShell_20240809_O2,229.8651346,-0.001519275,22.12139444,Mussel,7.6,22,8/9/2024,NA,Shell,0,NA,14:44:00,15:45:00,643,NA,5.5576,14:20:00,15:50:00,-9.77E-04,NA,NA
S11,1,NA,T1_NShell_20240809_O2,229.2193034,-0.004059997,21.98895531,Nucella,7.6,22,8/9/2024,NA,Shell,0,NA,14:44:00,15:45:00,115.75,NA,0.652,14:20:00,15:50:00,-4.70E-04,NA,NA
S25,10,NA,T10_MShell_20240811_O2,253.5725242,-2.89E-04,18.58820455,Mussel,7.8,18,8/11/2024,NA,Shell,0,NA,16:05:00,17:06:00,649,NA,5.1052,16:00:00,17:10:00,-1.88E-04,NA,NA
S25,10,NA,T10_NShell_20240811_O2,238.1048048,-0.005750812,18.11800568,Nucella,7.8,18,8/11/2024,NA,Shell,0,NA,16:05:00,17:06:00,115.5,NA,0.9728,16:00:00,17:10:00,-6.64E-04,NA,NA
S11,11,NA,T11_MShell_20240809_O2,232.8687445,-9.73E-04,22.1032067,Mussel,7.5,22,8/9/2024,NA,Shell,0,NA,14:44:00,15:45:00,646,NA,6.622,14:20:00,15:50:00,-6.29E-04,NA,NA
S11,11,NA,T11_NShell_20240809_O2,221.8418144,-0.004076529,21.99605028,Nucella,7.5,22,8/9/2024,NA,Shell,0,NA,14:44:00,15:45:00,115.5,NA,0.6707,14:20:00,15:50:00,-4.71E-04,NA,NA
S11,12,NA,T12_MShell_20240809_O2,230.915661,-9.80E-04,21.97065922,Mussel,7.4,22,8/9/2024,NA,Shell,0,NA,14:44:00,15:45:00,646,NA,11.4588,14:20:00,15:50:00,-6.33E-04,NA,NA
S11,12,NA,T12_NShell_20240809_O2,220.9805264,-0.004035978,21.85859218,Nucella,7.4,22,8/9/2024,NA,Shell,0,NA,14:44:00,15:45:00,115.75,NA,0.715,14:20:00,15:50:00,-4.67E-04,NA,NA
S25,13,NA,T13_MShell_20240811_O2,250.8692398,-4.52E-04,18.54221591,Mussel,8,18,8/11/2024,NA,Shell,0,NA,16:05:00,17:06:00,648,NA,3.4969,16:00:00,17:10:00,-2.93E-04,NA,NA
S25,13,NA,T13_NShell_20240811_O2,237.5993285,-0.006069195,17.98818182,Nucella,8,18,8/11/2024,NA,Shell,0,NA,16:05:00,17:06:00,115.7,NA,0.5917,16:00:00,17:10:00,-7.02E-04,NA,NA
S11,14,NA,T14_MShell_20240809_O2,222.1672794,-0.001460204,21.89864246,Mussel,7.2,22,8/9/2024,NA,Shell,0,NA,14:44:00,15:45:00,645,NA,12.0784,14:20:00,15:50:00,-9.42E-04,NA,NA
S11,14,NA,T14_NShell_20240809_O2,271.6651264,-0.003508465,21.9667933,Nucella,7.2,22,8/9/2024,NA,Shell,0,NA,14:44:00,15:45:00,115.8,NA,0.4744,14:20:00,15:50:00,-4.06E-04,NA,NA
S12,15,NA,T15_MShell_20240809_O2,232.9532937,-0.001475416,22.14860674,Mussel,7.7,22,8/9/2024,NA,Shell,0,NA,16:30:00,17:32:00,656,NA,10.0893,16:05:00,17:35:00,-9.68E-04,NA,NA
S12,15,NA,T15_NShell_20240809_O2,232.2212985,-0.006188846,22.10408427,Nucella,7.7,22,8/9/2024,NA,Shell,0,NA,16:30:00,17:32:00,115.8,NA,0.5076,16:05:00,17:35:00,-7.17E-04,NA,NA
S12,17,NA,T17_MShell_20240809_O2,226.2483631,-0.001131443,22.06385955,Mussel,7.9,22,8/9/2024,NA,Shell,0,NA,16:30:00,17:32:00,645,NA,7.8621,16:05:00,17:35:00,-7.30E-04,NA,NA
S12,17,NA,T17_NShell_20240809_O2,222.2989395,-0.002472624,22.15741011,Nucella,7.9,22,8/9/2024,NA,Shell,0,NA,16:30:00,17:32:00,115.7,NA,0.6624,16:05:00,17:35:00,-2.86E-04,NA,NA
S12,18,NA,T18_MShell_20240809_O2,230.338436,-0.00195094,22.06191011,Mussel,7.3,22,8/9/2024,NA,Shell,0,NA,16:30:00,17:32:00,644,NA,16.5651,16:05:00,17:35:00,-0.001256405,NA,NA
S12,18,NA,T18_NShell_20240809_O2,220.4747414,-0.003586957,22.10780337,Nucella,7.3,22,8/9/2024,NA,Shell,0,NA,16:30:00,17:32:00,115.7,NA,0.6382,16:05:00,17:35:00,-4.15E-04,NA,NA
S12,19,NA,T19_MShell_20240809_O2,270.0408713,-0.003061914,22.17819663,Mussel,8,22,8/9/2024,NA,Shell,0,NA,16:30:00,17:32:00,647.5,NA,8.2222,16:05:00,17:35:00,-0.001982589,NA,NA
S12,19,NA,T19_NShell_20240809_O2,247.4651108,-0.006979681,21.97870787,Nucella,8,22,8/9/2024,NA,Shell,0,NA,16:30:00,17:32:00,115.6,NA,0.6312,16:05:00,17:35:00,-8.07E-04,NA,NA
S24,2,NA,T2_MShell_20240811_O2,249.7649732,-4.96E-04,18.36518785,Mussel,7.4,18,8/11/2024,NA,Shell,0,NA,14:35:00,15:38:00,648,NA,2.2438,14:30:00,15:40:00,-3.22E-04,NA,NA
S24,2,NA,T2_NShell_20240811_O2,242.7828212,-0.006030159,18.17771823,Nucella,7.4,18,8/11/2024,NA,Shell,0,NA,14:35:00,15:38:00,115.5,NA,0.7886,14:30:00,15:40:00,-6.96E-04,NA,NA
S11,3,NA,T3_MShell_20240809_O2,229.7593216,-0.001176791,22.07478333,Mussel,7.8,22,8/9/2024,NA,Shell,0,NA,14:44:00,15:45:00,645,NA,10.4718,14:20:00,15:50:00,-7.59E-04,NA,NA
S11,3,NA,T3_NShell_20240809_O2,224.0754921,-0.002504656,22.04149162,Nucella,7.8,22,8/9/2024,NA,Shell,0,NA,14:44:00,15:45:00,115.5,NA,0.8196,14:20:00,15:50:00,-2.89E-04,NA,NA
S24,4,NA,T4_MShell_20240811_O2,244.0397728,-4.32E-04,18.75003315,Mussel,7.3,18,8/11/2024,NA,Shell,0,NA,14:35:00,15:38:00,648,NA,6.2979,14:30:00,15:40:00,-2.80E-04,NA,NA
S24,4,NA,T4_NShell_20240811_O2,232.6334656,-0.005295893,18.25471271,Nucella,7.3,18,8/11/2024,NA,Shell,0,NA,14:35:00,15:38:00,115.8,NA,0.499,14:30:00,15:40:00,-6.13E-04,NA,NA
S24,5,NA,T5_MShell_20240811_O2,255.3263062,-5.39E-04,18.40137569,Mussel,7.7,18,8/11/2024,NA,Shell,0,NA,14:35:00,15:38:00,645,NA,7.0424,14:30:00,15:40:00,-3.48E-04,NA,NA
S24,5,NA,T5_NShell_20240811_O2,234.9345026,-0.005605778,18.25644751,Nucella,7.7,18,8/11/2024,NA,Shell,0,NA,14:35:00,15:38:00,115.6,NA,0.6511,14:30:00,15:40:00,-6.48E-04,NA,NA
S24,6,NA,T6_MShell_20240811_O2,250.8791272,-8.23E-04,18.49033149,Mussel,7.9,18,8/11/2024,NA,Shell,0,NA,14:35:00,15:38:00,648,NA,6.0478,14:30:00,15:40:00,-5.33E-04,NA,NA
S24,6,NA,T6_NShell_20240811_O2,237.738691,-0.002923554,18.12037017,Nucella,7.9,18,8/11/2024,NA,Shell,0,NA,14:35:00,15:38:00,115.3,NA,1.1458,14:30:00,15:40:00,-3.37E-04,NA,NA
S24,7,NA,T7_MShell_20240811_O2,243.081319,-5.40E-04,18.3339337,Mussel,7.5,18,8/11/2024,NA,Shell,0,NA,14:35:00,15:38:00,648,NA,3.2169,14:30:00,15:40:00,-3.50E-04,NA,NA
S24,7,NA,T7_NShell_20240811_O2,287.5479045,-0.005986981,18.29147514,Nucella,7.5,18,8/11/2024,NA,Shell,0,NA,14:35:00,15:38:00,115.6,NA,0.5795,14:30:00,15:40:00,-6.92E-04,NA,NA
S25,8,NA,T8_MShell_20240811_O2,251.5172763,-4.67E-04,18.38619886,Mussel,7.6,18,8/11/2024,NA,Shell,0,NA,16:05:00,17:06:00,648,NA,3.5436,16:00:00,17:10:00,-3.03E-04,NA,NA
S25,8,NA,T8_NShell_20240811_O2,250.689391,-0.003577591,18.07449432,Nucella,7.6,18,8/11/2024,NA,Shell,0,NA,16:05:00,17:06:00,115.3,NA,1.0063,16:00:00,17:10:00,-4.12E-04,NA,NA
S25,9,NA,T9_MShell_20240811_O2,241.5211081,-4.89E-04,18.79032386,Mussel,7.2,18,8/11/2024,NA,Shell,0,NA,16:05:00,17:06:00,644,NA,4.1973,16:00:00,17:10:00,-3.15E-04,NA,NA
S25,9,NA,T9_NShell_20240811_O2,233.9851283,-0.006189764,18.15721591,Nucella,7.2,18,8/11/2024,NA,Shell,0,NA,16:05:00,17:06:00,115.2,NA,1.2741,16:00:00,17:10:00,-7.13E-04,NA,NA
