ID,tank,cage,rep,,end_date,start_date,time
1,1,ctrl,1,1ctrl1,7/7/2024,7/7/2024,
2,1,ctrl,2,1ctrl2,7/7/2024,7/7/2024,
3,1,ctrl,3,1ctrl3,7/7/2024,7/7/2024,
4,1,ctrl,4,1ctrl4,7/7/2024,7/7/2024,
5,1,ctrl,5,1ctrl5,7/7/2024,7/7/2024,
6,1,ctrl,6,1ctrl6,7/7/2024,7/7/2024,
7,2,ctrl,1,2ctrl1,7/7/2024,7/7/2024,
8,2,ctrl,2,2ctrl2,7/7/2024,7/7/2024,
9,2,ctrl,3,2ctrl3,7/7/2024,7/7/2024,
10,2,ctrl,4,2ctrl4,7/7/2024,7/7/2024,
11,2,ctrl,5,2ctrl5,7/7/2024,7/7/2024,
12,2,ctrl,6,2ctrl6,7/7/2024,7/7/2024,
13,3,ctrl,1,3ctrl1,7/7/2024,7/7/2024,
14,3,ctrl,2,3ctrl2,7/7/2024,7/7/2024,
15,3,ctrl,3,3ctrl3,7/7/2024,7/7/2024,
16,3,ctrl,4,3ctrl4,7/7/2024,7/7/2024,
17,3,ctrl,5,3ctrl5,7/7/2024,7/7/2024,
18,3,ctrl,6,3ctrl6,7/7/2024,7/7/2024,
19,4,ctrl,1,4ctrl1,7/7/2024,7/7/2024,
20,4,ctrl,2,4ctrl2,7/7/2024,7/7/2024,
21,4,ctrl,3,4ctrl3,7/7/2024,7/7/2024,
22,4,ctrl,4,4ctrl4,7/7/2024,7/7/2024,
23,4,ctrl,5,4ctrl5,7/7/2024,7/7/2024,
24,4,ctrl,6,4ctrl6,7/7/2024,7/7/2024,
25,5,ctrl,1,5ctrl1,7/7/2024,7/7/2024,
26,5,ctrl,2,5ctrl2,7/7/2024,7/7/2024,
27,5,ctrl,3,5ctrl3,7/7/2024,7/7/2024,
28,5,ctrl,4,5ctrl4,7/7/2024,7/7/2024,
29,5,ctrl,5,5ctrl5,7/7/2024,7/7/2024,
30,5,ctrl,6,5ctrl6,7/7/2024,7/7/2024,
31,6,ctrl,1,6ctrl1,7/7/2024,7/7/2024,
32,6,ctrl,2,6ctrl2,7/7/2024,7/7/2024,
33,6,ctrl,3,6ctrl3,7/7/2024,7/7/2024,
34,6,ctrl,4,6ctrl4,7/7/2024,7/7/2024,
35,6,ctrl,5,6ctrl5,7/7/2024,7/7/2024,
36,6,ctrl,6,6ctrl6,7/7/2024,7/7/2024,
37,7,ctrl,1,7ctrl1,7/7/2024,7/7/2024,
38,7,ctrl,2,7ctrl2,7/7/2024,7/7/2024,
39,7,ctrl,3,7ctrl3,7/7/2024,7/7/2024,
40,7,ctrl,4,7ctrl4,7/7/2024,7/7/2024,
41,7,ctrl,5,7ctrl5,7/7/2024,7/7/2024,
42,7,ctrl,6,7ctrl6,7/7/2024,7/7/2024,
43,8,ctrl,1,8ctrl1,7/7/2024,7/7/2024,
44,8,ctrl,2,8ctrl2,7/7/2024,7/7/2024,
45,8,ctrl,3,8ctrl3,7/7/2024,7/7/2024,
46,8,ctrl,4,8ctrl4,7/7/2024,7/7/2024,
47,8,ctrl,5,8ctrl5,7/7/2024,7/7/2024,
48,8,ctrl,6,8ctrl6,7/7/2024,7/7/2024,
49,9,ctrl,1,9ctrl1,7/7/2024,7/7/2024,
50,9,ctrl,2,9ctrl2,7/7/2024,7/7/2024,
51,9,ctrl,3,9ctrl3,7/7/2024,7/7/2024,
52,9,ctrl,4,9ctrl4,7/7/2024,7/7/2024,
53,9,ctrl,5,9ctrl5,7/7/2024,7/7/2024,
54,9,ctrl,6,9ctrl6,7/7/2024,7/7/2024,
55,10,ctrl,1,10ctrl1,7/7/2024,7/7/2024,
56,10,ctrl,2,10ctrl2,7/7/2024,7/7/2024,
57,10,ctrl,3,10ctrl3,7/7/2024,7/7/2024,
58,10,ctrl,4,10ctrl4,7/7/2024,7/7/2024,
59,10,ctrl,5,10ctrl5,7/7/2024,7/7/2024,
60,10,ctrl,6,10ctrl6,7/7/2024,7/7/2024,
61,11,ctrl,1,11ctrl1,7/7/2024,7/7/2024,
62,11,ctrl,2,11ctrl2,7/7/2024,7/7/2024,
63,11,ctrl,3,11ctrl3,7/7/2024,7/7/2024,
64,11,ctrl,4,11ctrl4,7/7/2024,7/7/2024,
65,11,ctrl,5,11ctrl5,7/7/2024,7/7/2024,
66,11,ctrl,6,11ctrl6,7/7/2024,7/7/2024,
67,12,ctrl,1,12ctrl1,7/7/2024,7/7/2024,
68,12,ctrl,2,12ctrl2,7/7/2024,7/7/2024,
69,12,ctrl,3,12ctrl3,7/7/2024,7/7/2024,
70,12,ctrl,4,12ctrl4,7/7/2024,7/7/2024,
71,12,ctrl,5,12ctrl5,7/7/2024,7/7/2024,
72,12,ctrl,6,12ctrl6,7/7/2024,7/7/2024,
73,13,ctrl,1,13ctrl1,7/7/2024,7/7/2024,
74,13,ctrl,2,13ctrl2,7/7/2024,7/7/2024,
75,13,ctrl,3,13ctrl3,7/7/2024,7/7/2024,
76,13,ctrl,4,13ctrl4,7/7/2024,7/7/2024,
77,13,ctrl,5,13ctrl5,7/7/2024,7/7/2024,
78,13,ctrl,6,13ctrl6,7/7/2024,7/7/2024,
79,14,ctrl,1,14ctrl1,7/7/2024,7/7/2024,
80,14,ctrl,2,14ctrl2,7/7/2024,7/7/2024,
81,14,ctrl,3,14ctrl3,7/7/2024,7/7/2024,
82,14,ctrl,4,14ctrl4,7/7/2024,7/7/2024,
83,14,ctrl,5,14ctrl5,7/7/2024,7/7/2024,
84,14,ctrl,6,14ctrl6,7/7/2024,7/7/2024,
85,15,ctrl,1,15ctrl1,7/7/2024,7/7/2024,
86,15,ctrl,2,15ctrl2,7/7/2024,7/7/2024,
87,15,ctrl,3,15ctrl3,7/7/2024,7/7/2024,
88,15,ctrl,4,15ctrl4,7/7/2024,7/7/2024,
89,15,ctrl,5,15ctrl5,7/7/2024,7/7/2024,
90,15,ctrl,6,15ctrl6,7/7/2024,7/7/2024,
91,17,ctrl,1,17ctrl1,7/7/2024,7/7/2024,
92,17,ctrl,2,17ctrl2,7/7/2024,7/7/2024,
93,17,ctrl,3,17ctrl3,7/7/2024,7/7/2024,
94,17,ctrl,4,17ctrl4,7/7/2024,7/7/2024,
95,17,ctrl,5,17ctrl5,7/7/2024,7/7/2024,
96,17,ctrl,6,17ctrl6,7/7/2024,7/7/2024,
97,18,ctrl,1,18ctrl1,7/7/2024,7/7/2024,
98,18,ctrl,2,18ctrl2,7/7/2024,7/7/2024,
99,18,ctrl,3,18ctrl3,7/7/2024,7/7/2024,
100,18,ctrl,4,18ctrl4,7/7/2024,7/7/2024,
101,18,ctrl,5,18ctrl5,7/7/2024,7/7/2024,
102,18,ctrl,6,18ctrl6,7/7/2024,7/7/2024,
103,19,ctrl,1,19ctrl1,7/7/2024,7/7/2024,
104,19,ctrl,2,19ctrl2,7/7/2024,7/7/2024,
105,19,ctrl,3,19ctrl3,7/7/2024,7/7/2024,
106,19,ctrl,4,19ctrl4,7/7/2024,7/7/2024,
107,19,ctrl,5,19ctrl5,7/7/2024,7/7/2024,
108,19,ctrl,6,19ctrl6,7/7/2024,7/7/2024,
109,9,1,1,911,7/7/2024,7/7/2024,
110,9,1,2,912,7/7/2024,7/7/2024,
111,9,1,3,913,7/7/2024,7/7/2024,
112,9,1,4,914,7/7/2024,7/7/2024,
113,9,1,5,915,7/7/2024,7/7/2024,
114,9,1,6,916,7/7/2024,7/7/2024,
115,9,2,1,921,7/7/2024,7/7/2024,
116,9,2,2,922,7/7/2024,7/7/2024,
117,9,2,3,923,7/7/2024,7/7/2024,
118,9,2,4,924,7/7/2024,7/7/2024,
119,9,2,5,925,7/7/2024,7/7/2024,
120,9,2,6,926,7/7/2024,7/7/2024,
121,9,3,1,931,7/7/2024,7/7/2024,
122,9,3,2,932,7/7/2024,7/7/2024,
123,9,3,3,933,7/7/2024,7/7/2024,
124,9,3,4,934,7/7/2024,7/7/2024,
125,9,3,5,935,7/7/2024,7/7/2024,
126,9,3,6,936,7/7/2024,7/7/2024,
127,9,4,1,941,7/7/2024,7/7/2024,
128,9,4,2,942,7/7/2024,7/7/2024,
129,9,4,3,943,7/7/2024,7/7/2024,
130,9,4,4,944,7/7/2024,7/7/2024,
131,9,4,5,945,7/7/2024,7/7/2024,
132,9,4,6,946,7/7/2024,7/7/2024,
133,9,5,1,951,7/7/2024,7/7/2024,
134,9,5,2,952,7/7/2024,7/7/2024,
135,9,5,3,953,7/7/2024,7/7/2024,
136,9,5,4,954,7/7/2024,7/7/2024,
137,9,5,5,955,7/7/2024,7/7/2024,
138,9,5,6,956,7/7/2024,7/7/2024,
139,3,1,1,311,7/7/2024,7/7/2024,
140,3,1,2,312,7/7/2024,7/7/2024,
141,3,1,3,313,7/7/2024,7/7/2024,
142,3,1,4,314,7/7/2024,7/7/2024,
143,3,1,5,315,7/7/2024,7/7/2024,
144,3,1,6,316,7/7/2024,7/7/2024,
145,3,2,1,321,7/7/2024,7/7/2024,
146,3,2,2,322,7/7/2024,7/7/2024,
147,3,2,3,323,7/7/2024,7/7/2024,
148,3,2,4,324,7/7/2024,7/7/2024,
149,3,2,5,325,7/7/2024,7/7/2024,
150,3,2,6,326,7/7/2024,7/7/2024,
151,3,3,1,331,7/7/2024,7/7/2024,
152,3,3,2,332,7/7/2024,7/7/2024,
153,3,3,3,333,7/7/2024,7/7/2024,
154,3,3,4,334,7/7/2024,7/7/2024,
155,3,3,5,335,7/7/2024,7/7/2024,
156,3,3,6,336,7/7/2024,7/7/2024,
157,3,4,1,341,7/7/2024,7/7/2024,
158,3,4,2,342,7/7/2024,7/7/2024,
159,3,4,3,343,7/7/2024,7/7/2024,
160,3,4,4,344,7/7/2024,7/7/2024,
161,3,4,5,345,7/7/2024,7/7/2024,
162,3,4,6,346,7/7/2024,7/7/2024,
163,3,5,1,351,7/7/2024,7/7/2024,
164,3,5,2,352,7/7/2024,7/7/2024,
165,3,5,3,353,7/7/2024,7/7/2024,
166,3,5,4,354,7/7/2024,7/7/2024,
167,3,5,5,355,7/7/2024,7/7/2024,
168,3,5,6,356,7/7/2024,7/7/2024,
169,4,1,1,411,7/7/2024,7/7/2024,
170,4,1,2,412,7/7/2024,7/7/2024,
171,4,1,3,413,7/7/2024,7/7/2024,
172,4,1,4,414,7/7/2024,7/7/2024,
173,4,1,5,415,7/7/2024,7/7/2024,
174,4,1,6,416,7/7/2024,7/7/2024,
175,4,2,1,421,7/7/2024,7/7/2024,
176,4,2,2,422,7/7/2024,7/7/2024,
177,4,2,3,423,7/7/2024,7/7/2024,
178,4,2,4,424,7/7/2024,7/7/2024,
179,4,2,5,425,7/7/2024,7/7/2024,
180,4,2,6,426,7/7/2024,7/7/2024,
181,4,3,1,431,7/7/2024,7/7/2024,
182,4,3,2,432,7/7/2024,7/7/2024,
183,4,3,3,433,7/7/2024,7/7/2024,
184,4,3,4,434,7/7/2024,7/7/2024,
185,4,3,5,435,7/7/2024,7/7/2024,
186,4,3,6,436,7/7/2024,7/7/2024,
187,4,4,1,441,7/7/2024,7/7/2024,
188,4,4,2,442,7/7/2024,7/7/2024,
189,4,4,3,443,7/7/2024,7/7/2024,
190,4,4,4,444,7/7/2024,7/7/2024,
191,4,4,5,445,7/7/2024,7/7/2024,
192,4,4,6,446,7/7/2024,7/7/2024,
193,4,5,1,451,7/7/2024,7/7/2024,
194,4,5,2,452,7/7/2024,7/7/2024,
195,4,5,3,453,7/7/2024,7/7/2024,
196,4,5,4,454,7/7/2024,7/7/2024,
197,4,5,5,455,7/7/2024,7/7/2024,
198,4,5,6,456,7/7/2024,7/7/2024,
199,19,1,1,1911,7/7/2024,7/7/2024,
200,19,1,2,1912,7/7/2024,7/7/2024,
201,19,1,3,1913,7/7/2024,7/7/2024,
202,19,1,4,1914,7/7/2024,7/7/2024,
203,19,1,5,1915,7/7/2024,7/7/2024,
204,19,1,6,1916,7/7/2024,7/7/2024,
205,19,2,1,1921,7/7/2024,7/7/2024,
206,19,2,2,1922,7/7/2024,7/7/2024,
207,19,2,3,1923,7/7/2024,7/7/2024,
208,19,2,4,1924,7/7/2024,7/7/2024,
209,19,2,5,1925,7/7/2024,7/7/2024,
210,19,2,6,1926,7/7/2024,7/7/2024,
211,19,3,1,1931,7/7/2024,7/7/2024,
212,19,3,2,1932,7/7/2024,7/7/2024,
213,19,3,3,1933,7/7/2024,7/7/2024,
214,19,3,4,1934,7/7/2024,7/7/2024,
215,19,3,5,1935,7/7/2024,7/7/2024,
216,19,3,6,1936,7/7/2024,7/7/2024,
217,19,4,1,1941,7/7/2024,7/7/2024,
218,19,4,2,1942,7/7/2024,7/7/2024,
219,19,4,3,1943,7/7/2024,7/7/2024,
220,19,4,4,1944,7/7/2024,7/7/2024,
221,19,4,5,1945,7/7/2024,7/7/2024,
222,19,4,6,1946,7/7/2024,7/7/2024,
223,19,5,1,1951,7/7/2024,7/7/2024,
224,19,5,2,1952,7/7/2024,7/7/2024,
225,19,5,3,1953,7/7/2024,7/7/2024,
226,19,5,4,1954,7/7/2024,7/7/2024,
227,19,5,5,1955,7/7/2024,7/7/2024,
228,19,5,6,1956,7/7/2024,7/7/2024,
229,14,1,1,1411,7/7/2024,7/7/2024,
230,14,1,2,1412,7/7/2024,7/7/2024,
231,14,1,3,1413,7/7/2024,7/7/2024,
232,14,1,4,1414,7/7/2024,7/7/2024,
233,14,1,5,1415,7/7/2024,7/7/2024,
234,14,1,6,1416,7/7/2024,7/7/2024,
235,14,2,1,1421,7/7/2024,7/7/2024,
236,14,2,2,1422,7/7/2024,7/7/2024,
237,14,2,3,1423,7/7/2024,7/7/2024,
238,14,2,4,1424,7/7/2024,7/7/2024,
239,14,2,5,1425,7/7/2024,7/7/2024,
240,14,2,6,1426,7/7/2024,7/7/2024,
241,14,3,1,1431,7/7/2024,7/7/2024,
242,14,3,2,1432,7/7/2024,7/7/2024,
243,14,3,3,1433,7/7/2024,7/7/2024,
244,14,3,4,1434,7/7/2024,7/7/2024,
245,14,3,5,1435,7/7/2024,7/7/2024,
246,14,3,6,1436,7/7/2024,7/7/2024,
247,14,4,1,1441,7/7/2024,7/7/2024,
248,14,4,2,1442,7/7/2024,7/7/2024,
249,14,4,3,1443,7/7/2024,7/7/2024,
250,14,4,4,1444,7/7/2024,7/7/2024,
251,14,4,5,1445,7/7/2024,7/7/2024,
252,14,4,6,1446,7/7/2024,7/7/2024,
253,14,5,1,1451,7/7/2024,7/7/2024,
254,14,5,2,1452,7/7/2024,7/7/2024,
255,14,5,3,1453,7/7/2024,7/7/2024,
256,14,5,4,1454,7/7/2024,7/7/2024,
257,14,5,5,1455,7/7/2024,7/7/2024,
258,14,5,6,1456,7/7/2024,7/7/2024,
259,14,1,1,1411,7/7/2024,7/7/2024,
260,14,1,2,1412,7/7/2024,7/7/2024,
261,15,1,3,1513,7/7/2024,7/7/2024,
262,15,1,4,1514,7/7/2024,7/7/2024,
263,15,1,5,1515,7/7/2024,7/7/2024,
264,15,1,6,1516,7/7/2024,7/7/2024,
265,15,2,1,1521,7/7/2024,7/7/2024,
266,15,2,2,1522,7/7/2024,7/7/2024,
267,15,2,3,1523,7/7/2024,7/7/2024,
268,15,2,4,1524,7/7/2024,7/7/2024,
269,15,2,5,1525,7/7/2024,7/7/2024,
270,15,2,6,1526,7/7/2024,7/7/2024,
271,15,3,1,1531,7/7/2024,7/7/2024,
272,15,3,2,1532,7/7/2024,7/7/2024,
273,15,3,3,1533,7/7/2024,7/7/2024,
274,15,3,4,1534,7/7/2024,7/7/2024,
275,15,3,5,1535,7/7/2024,7/7/2024,
276,15,3,6,1536,7/7/2024,7/7/2024,
277,15,4,1,1541,7/7/2024,7/7/2024,
278,15,4,2,1542,7/7/2024,7/7/2024,
279,15,4,3,1543,7/7/2024,7/7/2024,
280,15,4,4,1544,7/7/2024,7/7/2024,
281,15,4,5,1545,7/7/2024,7/7/2024,
282,15,4,6,1546,7/7/2024,7/7/2024,
283,15,5,1,1551,7/7/2024,7/7/2024,
284,15,5,2,1552,7/7/2024,7/7/2024,
285,15,5,3,1553,7/7/2024,7/7/2024,
286,15,5,4,1554,7/7/2024,7/7/2024,
287,15,5,5,1555,7/7/2024,7/7/2024,
288,15,5,6,1556,7/7/2024,7/7/2024,
289,8,1,1,811,7/7/2024,7/7/2024,
290,8,1,2,812,7/7/2024,7/7/2024,
291,8,1,3,813,7/7/2024,7/7/2024,
292,8,1,4,814,7/7/2024,7/7/2024,
293,8,1,5,815,7/7/2024,7/7/2024,
294,8,1,6,816,7/7/2024,7/7/2024,
295,8,2,1,821,7/7/2024,7/7/2024,
296,8,2,2,822,7/7/2024,7/7/2024,
297,8,2,3,823,7/7/2024,7/7/2024,
298,8,2,4,824,7/7/2024,7/7/2024,
299,8,2,5,825,7/7/2024,7/7/2024,
300,8,2,6,826,7/7/2024,7/7/2024,
301,8,3,1,831,7/7/2024,7/7/2024,
302,8,3,2,832,7/7/2024,7/7/2024,
303,8,3,3,833,7/7/2024,7/7/2024,
304,8,3,4,834,7/7/2024,7/7/2024,
305,8,3,5,835,7/7/2024,7/7/2024,
306,8,3,6,836,7/7/2024,7/7/2024,
307,8,4,1,841,7/7/2024,7/7/2024,
308,8,4,2,842,7/7/2024,7/7/2024,
309,8,4,3,843,7/7/2024,7/7/2024,
310,8,4,4,844,7/7/2024,7/7/2024,
311,8,4,5,845,7/7/2024,7/7/2024,
312,8,4,6,846,7/7/2024,7/7/2024,
313,8,5,1,851,7/7/2024,7/7/2024,
314,8,5,2,852,7/7/2024,7/7/2024,
315,8,5,3,853,7/7/2024,7/7/2024,
316,8,5,4,854,7/7/2024,7/7/2024,
317,8,5,5,855,7/7/2024,7/7/2024,
318,8,5,6,856,7/7/2024,7/7/2024,
319,13,1,1,1311,7/7/2024,7/7/2024,
320,13,1,2,1312,7/7/2024,7/7/2024,
321,13,1,3,1313,7/7/2024,7/7/2024,
322,13,1,4,1314,7/7/2024,7/7/2024,
323,13,1,5,1315,7/7/2024,7/7/2024,
324,13,1,6,1316,7/7/2024,7/7/2024,
325,13,2,1,1321,7/7/2024,7/7/2024,
326,13,2,2,1322,7/7/2024,7/7/2024,
327,13,2,3,1323,7/7/2024,7/7/2024,
328,13,2,4,1324,7/7/2024,7/7/2024,
329,13,2,5,1325,7/7/2024,7/7/2024,
330,13,2,6,1326,7/7/2024,7/7/2024,
331,13,3,1,1331,7/7/2024,7/7/2024,
332,13,3,2,1332,7/7/2024,7/7/2024,
333,13,3,3,1333,7/7/2024,7/7/2024,
334,13,3,4,1334,7/7/2024,7/7/2024,
335,13,3,5,1335,7/7/2024,7/7/2024,
336,13,3,6,1336,7/7/2024,7/7/2024,
337,13,4,1,1341,7/7/2024,7/7/2024,
338,13,4,2,1342,7/7/2024,7/7/2024,
339,13,4,3,1343,7/7/2024,7/7/2024,
340,13,4,4,1344,7/7/2024,7/7/2024,
341,13,4,5,1345,7/7/2024,7/7/2024,
342,13,4,6,1346,7/7/2024,7/7/2024,
343,13,5,1,1351,7/7/2024,7/7/2024,
344,13,5,2,1352,7/7/2024,7/7/2024,
345,13,5,3,1353,7/7/2024,7/7/2024,
346,13,5,4,1354,7/7/2024,7/7/2024,
347,13,5,5,1355,7/7/2024,7/7/2024,
348,13,5,6,1356,7/7/2024,7/7/2024,
351,10,1,1,1011,7/7/2024,7/7/2024,
352,10,1,2,1012,7/7/2024,7/7/2024,
353,10,1,3,1013,7/7/2024,7/7/2024,
354,10,1,4,1014,7/7/2024,7/7/2024,
355,10,1,5,1015,7/7/2024,7/7/2024,
356,10,1,6,1016,7/7/2024,7/7/2024,
357,10,2,1,1021,7/7/2024,7/7/2024,
358,10,2,2,1022,7/7/2024,7/7/2024,
359,10,2,3,1023,7/7/2024,7/7/2024,
360,10,2,4,1024,7/7/2024,7/7/2024,
361,10,2,5,1025,7/7/2024,7/7/2024,
362,10,2,6,1026,7/7/2024,7/7/2024,
363,10,3,1,1031,7/7/2024,7/7/2024,
364,10,3,2,1032,7/7/2024,7/7/2024,
365,10,3,3,1033,7/7/2024,7/7/2024,
366,10,3,4,1034,7/7/2024,7/7/2024,
367,10,3,5,1035,7/7/2024,7/7/2024,
368,10,3,6,1036,7/7/2024,7/7/2024,
369,10,4,1,1041,7/7/2024,7/7/2024,
370,10,4,2,1042,7/7/2024,7/7/2024,
371,10,4,3,1043,7/7/2024,7/7/2024,
372,10,4,4,1044,7/7/2024,7/7/2024,
373,10,4,5,1045,7/7/2024,7/7/2024,
374,10,4,6,1046,7/7/2024,7/7/2024,
375,10,5,1,1051,7/7/2024,7/7/2024,
376,10,5,2,1052,7/7/2024,7/7/2024,
377,10,5,3,1053,7/7/2024,7/7/2024,
378,10,5,4,1054,7/7/2024,7/7/2024,
379,10,5,5,1055,7/7/2024,7/7/2024,
380,10,5,6,1056,7/7/2024,7/7/2024,
381,18,1,1,1811,7/7/2024,7/7/2024,
382,18,1,2,1812,7/7/2024,7/7/2024,
383,18,1,3,1813,7/7/2024,7/7/2024,
384,18,1,4,1814,7/7/2024,7/7/2024,
385,18,1,5,1815,7/7/2024,7/7/2024,
386,18,1,6,1816,7/7/2024,7/7/2024,
387,18,2,1,1821,7/7/2024,7/7/2024,
388,18,2,2,1822,7/7/2024,7/7/2024,
389,18,2,3,1823,7/7/2024,7/7/2024,
390,18,2,4,1824,7/7/2024,7/7/2024,
391,18,2,5,1825,7/7/2024,7/7/2024,
392,18,2,6,1826,7/7/2024,7/7/2024,
393,18,3,1,1831,7/7/2024,7/7/2024,
394,18,3,2,1832,7/7/2024,7/7/2024,
395,18,3,3,1833,7/7/2024,7/7/2024,
396,18,3,4,1834,7/7/2024,7/7/2024,
397,18,3,5,1835,7/7/2024,7/7/2024,
398,18,3,6,1836,7/7/2024,7/7/2024,
399,18,4,1,1841,7/7/2024,7/7/2024,
400,18,4,2,1842,7/7/2024,7/7/2024,
401,18,4,3,1843,7/7/2024,7/7/2024,
402,18,4,4,1844,7/7/2024,7/7/2024,
403,18,4,5,1845,7/7/2024,7/7/2024,
404,18,4,6,1846,7/7/2024,7/7/2024,
405,18,5,1,1851,7/7/2024,7/7/2024,
406,18,5,2,1852,7/7/2024,7/7/2024,
407,18,5,3,1853,7/7/2024,7/7/2024,
408,18,5,4,1854,7/7/2024,7/7/2024,
409,18,5,5,1855,7/7/2024,7/7/2024,
410,18,5,6,1856,7/7/2024,7/7/2024,
411,17,1,1,1711,7/7/2024,7/7/2024,
412,17,1,2,1712,7/7/2024,7/7/2024,
413,17,1,3,1713,7/7/2024,7/7/2024,
414,17,1,4,1714,7/7/2024,7/7/2024,
415,17,1,5,1715,7/7/2024,7/7/2024,
416,17,1,6,1716,7/7/2024,7/7/2024,
417,17,2,1,1721,7/7/2024,7/7/2024,
418,17,2,2,1722,7/7/2024,7/7/2024,
419,17,2,3,1723,7/7/2024,7/7/2024,
420,17,2,4,1724,7/7/2024,7/7/2024,
421,17,2,5,1725,7/7/2024,7/7/2024,
422,17,2,6,1726,7/7/2024,7/7/2024,
423,17,3,1,1731,7/7/2024,7/7/2024,
424,17,3,2,1732,7/7/2024,7/7/2024,
425,17,3,3,1733,7/7/2024,7/7/2024,
426,17,3,4,1734,7/7/2024,7/7/2024,
427,17,3,5,1735,7/7/2024,7/7/2024,
428,17,3,6,1736,7/7/2024,7/7/2024,
429,17,4,1,1741,7/7/2024,7/7/2024,
430,17,4,2,1742,7/7/2024,7/7/2024,
431,17,4,3,1743,7/7/2024,7/7/2024,
432,17,4,4,1744,7/7/2024,7/7/2024,
433,17,4,5,1745,7/7/2024,7/7/2024,
434,17,4,6,1746,7/7/2024,7/7/2024,
435,17,5,1,1751,7/7/2024,7/7/2024,
436,17,5,2,1752,7/7/2024,7/7/2024,
437,17,5,3,1753,7/7/2024,7/7/2024,
438,17,5,4,1754,7/7/2024,7/7/2024,
439,17,5,5,1755,7/7/2024,7/7/2024,
440,17,5,6,1756,7/7/2024,7/7/2024,
441,12,1,1,1211,7/7/2024,7/7/2024,
442,12,1,2,1212,7/7/2024,7/7/2024,
443,12,1,3,1213,7/7/2024,7/7/2024,
444,12,1,4,1214,7/7/2024,7/7/2024,
445,12,1,5,1215,7/7/2024,7/7/2024,
446,12,1,6,1216,7/7/2024,7/7/2024,
447,12,2,1,1221,7/7/2024,7/7/2024,
448,12,2,2,1222,7/7/2024,7/7/2024,
449,12,2,3,1223,7/7/2024,7/7/2024,
450,12,2,4,1224,7/7/2024,7/7/2024,
451,12,2,5,1225,7/7/2024,7/7/2024,
452,12,2,6,1226,7/7/2024,7/7/2024,
453,12,3,1,1231,7/7/2024,7/7/2024,
454,12,3,2,1232,7/7/2024,7/7/2024,
455,12,3,3,1233,7/7/2024,7/7/2024,
456,12,3,4,1234,7/7/2024,7/7/2024,
457,12,3,5,1235,7/7/2024,7/7/2024,
458,12,3,6,1236,7/7/2024,7/7/2024,
459,12,4,1,1241,7/7/2024,7/7/2024,
460,12,4,2,1242,7/7/2024,7/7/2024,
461,12,4,3,1243,7/7/2024,7/7/2024,
462,12,4,4,1244,7/7/2024,7/7/2024,
463,12,4,5,1245,7/7/2024,7/7/2024,
464,12,4,6,1246,7/7/2024,7/7/2024,
465,12,5,1,1251,7/7/2024,7/7/2024,
466,12,5,2,1252,7/7/2024,7/7/2024,
467,12,5,3,1253,7/7/2024,7/7/2024,
468,12,5,4,1254,7/7/2024,7/7/2024,
469,12,5,5,1255,7/7/2024,7/7/2024,
470,12,5,6,1256,7/7/2024,7/7/2024,
471,5,1,1,511,7/7/2024,7/7/2024,
472,5,1,2,512,7/7/2024,7/7/2024,
473,5,1,3,513,7/7/2024,7/7/2024,
474,5,1,4,514,7/7/2024,7/7/2024,
475,5,1,5,515,7/7/2024,7/7/2024,
476,5,1,6,516,7/7/2024,7/7/2024,
477,5,2,1,521,7/7/2024,7/7/2024,
478,5,2,2,522,7/7/2024,7/7/2024,
479,5,2,3,523,7/7/2024,7/7/2024,
480,5,2,4,524,7/7/2024,7/7/2024,
481,5,2,5,525,7/7/2024,7/7/2024,
482,5,2,6,526,7/7/2024,7/7/2024,
483,5,3,1,531,7/7/2024,7/7/2024,
484,5,3,2,532,7/7/2024,7/7/2024,
485,5,3,3,533,7/7/2024,7/7/2024,
486,5,3,4,534,7/7/2024,7/7/2024,
487,5,3,5,535,7/7/2024,7/7/2024,
488,5,3,6,536,7/7/2024,7/7/2024,
489,5,4,1,541,7/7/2024,7/7/2024,
490,5,4,2,542,7/7/2024,7/7/2024,
491,5,4,3,543,7/7/2024,7/7/2024,
492,5,4,4,544,7/7/2024,7/7/2024,
493,5,4,5,545,7/7/2024,7/7/2024,
494,5,4,6,546,7/7/2024,7/7/2024,
495,5,5,1,551,7/7/2024,7/7/2024,
496,5,5,2,552,7/7/2024,7/7/2024,
497,5,5,3,553,7/7/2024,7/7/2024,
498,5,5,4,554,7/7/2024,7/7/2024,
499,5,5,5,555,7/7/2024,7/7/2024,
500,5,5,6,556,7/7/2024,7/7/2024,
501,7,1,1,711,7/7/2024,7/7/2024,
502,7,1,2,712,7/7/2024,7/7/2024,
503,7,1,3,713,7/7/2024,7/7/2024,
504,7,1,4,714,7/7/2024,7/7/2024,
505,7,1,5,715,7/7/2024,7/7/2024,
506,7,1,6,716,7/7/2024,7/7/2024,
507,7,2,1,721,7/7/2024,7/7/2024,
508,7,2,2,722,7/7/2024,7/7/2024,
509,7,2,3,723,7/7/2024,7/7/2024,
510,7,2,4,724,7/7/2024,7/7/2024,
511,7,2,5,725,7/7/2024,7/7/2024,
512,7,2,6,726,7/7/2024,7/7/2024,
513,7,3,1,731,7/7/2024,7/7/2024,
514,7,3,2,732,7/7/2024,7/7/2024,
515,7,3,3,733,7/7/2024,7/7/2024,
516,7,3,4,734,7/7/2024,7/7/2024,
517,7,3,5,735,7/7/2024,7/7/2024,
518,7,3,6,736,7/7/2024,7/7/2024,
519,7,4,1,741,7/7/2024,7/7/2024,
520,7,4,2,742,7/7/2024,7/7/2024,
521,7,4,3,743,7/7/2024,7/7/2024,
522,7,4,4,744,7/7/2024,7/7/2024,
523,7,4,5,745,7/7/2024,7/7/2024,
524,7,4,6,746,7/7/2024,7/7/2024,
525,7,5,1,751,7/7/2024,7/7/2024,
526,7,5,2,752,7/7/2024,7/7/2024,
527,7,5,3,753,7/7/2024,7/7/2024,
528,7,5,4,754,7/7/2024,7/7/2024,
529,7,5,5,755,7/7/2024,7/7/2024,
530,7,5,6,756,7/7/2024,7/7/2024,
531,6,1,1,611,7/7/2024,7/7/2024,
532,6,1,2,612,7/7/2024,7/7/2024,
533,6,1,3,613,7/7/2024,7/7/2024,
534,6,1,4,614,7/7/2024,7/7/2024,
535,6,1,5,615,7/7/2024,7/7/2024,
536,6,1,6,616,7/7/2024,7/7/2024,
537,6,2,1,621,7/7/2024,7/7/2024,
538,6,2,2,622,7/7/2024,7/7/2024,
539,6,2,3,623,7/7/2024,7/7/2024,
540,6,2,4,624,7/7/2024,7/7/2024,
541,6,2,5,625,7/7/2024,7/7/2024,
542,6,2,6,626,7/7/2024,7/7/2024,
543,6,3,1,631,7/7/2024,7/7/2024,
544,6,3,2,632,7/7/2024,7/7/2024,
545,6,3,3,633,7/7/2024,7/7/2024,
546,6,3,4,634,7/7/2024,7/7/2024,
547,6,3,5,635,7/7/2024,7/7/2024,
548,6,3,6,636,7/7/2024,7/7/2024,
549,6,4,1,641,7/7/2024,7/7/2024,
550,6,4,2,642,7/7/2024,7/7/2024,
551,6,4,3,643,7/7/2024,7/7/2024,
552,6,4,4,644,7/7/2024,7/7/2024,
553,6,4,5,645,7/7/2024,7/7/2024,
554,6,4,6,646,7/7/2024,7/7/2024,
555,6,5,1,651,7/7/2024,7/7/2024,
556,6,5,2,652,7/7/2024,7/7/2024,
557,6,5,3,653,7/7/2024,7/7/2024,
558,6,5,4,654,7/7/2024,7/7/2024,
559,6,5,5,655,7/7/2024,7/7/2024,
560,6,5,6,656,7/7/2024,7/7/2024,
561,2,1,1,211,7/7/2024,7/7/2024,
562,2,1,2,212,7/7/2024,7/7/2024,
563,2,1,3,213,7/7/2024,7/7/2024,
564,2,1,4,214,7/7/2024,7/7/2024,
565,2,1,5,215,7/7/2024,7/7/2024,
566,2,1,6,216,7/7/2024,7/7/2024,
567,2,2,1,221,7/7/2024,7/7/2024,
568,2,2,2,222,7/7/2024,7/7/2024,
569,2,2,3,223,7/7/2024,7/7/2024,
570,2,2,4,224,7/7/2024,7/7/2024,
571,2,2,5,225,7/7/2024,7/7/2024,
572,2,2,6,226,7/7/2024,7/7/2024,
573,2,3,1,231,7/7/2024,7/7/2024,
574,2,3,2,232,7/7/2024,7/7/2024,
575,2,3,3,233,7/7/2024,7/7/2024,
576,2,3,4,234,7/7/2024,7/7/2024,
577,2,3,5,235,7/7/2024,7/7/2024,
578,2,3,6,236,7/7/2024,7/7/2024,
579,2,4,1,241,7/7/2024,7/7/2024,
580,2,4,2,242,7/7/2024,7/7/2024,
581,2,4,3,243,7/7/2024,7/7/2024,
582,2,4,4,244,7/7/2024,7/7/2024,
583,2,4,5,245,7/7/2024,7/7/2024,
584,2,4,6,246,7/7/2024,7/7/2024,
585,2,5,1,251,7/7/2024,7/7/2024,
586,2,5,2,252,7/7/2024,7/7/2024,
587,2,5,3,253,7/7/2024,7/7/2024,
588,2,5,4,254,7/7/2024,7/7/2024,
589,2,5,5,255,7/7/2024,7/7/2024,
590,2,5,6,256,7/7/2024,7/7/2024,
591,11,1,1,1111,7/7/2024,7/7/2024,
592,11,1,2,1112,7/7/2024,7/7/2024,
593,11,1,3,1113,7/7/2024,7/7/2024,
594,11,1,4,1114,7/7/2024,7/7/2024,
595,11,1,5,1115,7/7/2024,7/7/2024,
596,11,1,6,1116,7/7/2024,7/7/2024,
597,11,2,1,1121,7/7/2024,7/7/2024,
598,11,2,2,1122,7/7/2024,7/7/2024,
599,11,2,3,1123,7/7/2024,7/7/2024,
600,11,2,4,1124,7/7/2024,7/7/2024,
601,11,2,5,1125,7/7/2024,7/7/2024,
602,11,2,6,1126,7/7/2024,7/7/2024,
603,11,3,1,1131,7/7/2024,7/7/2024,
604,11,3,2,1132,7/7/2024,7/7/2024,
605,11,3,3,1133,7/7/2024,7/7/2024,
606,11,3,4,1134,7/7/2024,7/7/2024,
607,11,3,5,1135,7/7/2024,7/7/2024,
608,11,3,6,1136,7/7/2024,7/7/2024,
609,11,4,1,1141,7/7/2024,7/7/2024,
610,11,4,2,1142,7/7/2024,7/7/2024,
611,11,4,3,1143,7/7/2024,7/7/2024,
612,11,4,4,1144,7/7/2024,7/7/2024,
613,11,4,5,1145,7/7/2024,7/7/2024,
614,11,4,6,1146,7/7/2024,7/7/2024,
615,11,5,1,1151,7/7/2024,7/7/2024,
616,11,5,2,1152,7/7/2024,7/7/2024,
617,11,5,3,1153,7/7/2024,7/7/2024,
618,11,5,4,1154,7/7/2024,7/7/2024,
619,11,5,5,1155,7/7/2024,7/7/2024,
620,11,5,6,1156,7/7/2024,7/7/2024,
621,1,1,1,111,7/7/2024,7/7/2024,
622,1,1,2,112,7/7/2024,7/7/2024,
623,1,1,3,113,7/7/2024,7/7/2024,
624,1,1,4,114,7/7/2024,7/7/2024,
625,1,1,5,115,7/7/2024,7/7/2024,
626,1,1,6,116,7/7/2024,7/7/2024,
627,1,2,1,121,7/7/2024,7/7/2024,
628,1,2,2,122,7/7/2024,7/7/2024,
629,1,2,3,123,7/7/2024,7/7/2024,
630,1,2,4,124,7/7/2024,7/7/2024,
631,1,2,5,125,7/7/2024,7/7/2024,
632,1,2,6,126,7/7/2024,7/7/2024,
633,1,3,1,131,7/7/2024,7/7/2024,
634,1,3,2,132,7/7/2024,7/7/2024,
635,1,3,3,133,7/7/2024,7/7/2024,
636,1,3,4,134,7/7/2024,7/7/2024,
637,1,3,5,135,7/7/2024,7/7/2024,
638,1,3,6,136,7/7/2024,7/7/2024,
639,1,4,1,141,7/7/2024,7/7/2024,
640,1,4,2,142,7/7/2024,7/7/2024,
641,1,4,3,143,7/7/2024,7/7/2024,
642,1,4,4,144,7/7/2024,7/7/2024,
643,1,4,5,145,7/7/2024,7/7/2024,
644,1,4,6,146,7/7/2024,7/7/2024,
645,1,5,1,151,7/7/2024,7/7/2024,
646,1,5,2,152,7/7/2024,7/7/2024,
647,1,5,3,153,7/7/2024,7/7/2024,
648,1,5,4,154,7/7/2024,7/7/2024,
649,1,5,5,155,7/7/2024,7/7/2024,
650,1,5,6,156,7/7/2024,7/7/2024,
651,7,2,1,721,7/13/2024,7/7/2024,
652,13,3,1,1331,7/13/2024,7/7/2024,
653,19,3,1,1931,7/13/2024,7/7/2024,
654,9,ctrl,,9ctrl,7/13/2024,7/7/2024,
655,18,ctrl,,18ctrl,7/13/2024,7/7/2024,
656,18,3,6,1836,7/13/2024,7/7/2024,
657,14,ctrl,,14ctrl,7/15/2024,7/7/2024,
658,11,ctrl,,11ctrl,7/15/2024,7/7/2024,
659,11,4,3,1143,7/15/2024,7/7/2024,
660,11,2,3,1123,7/15/2024,7/7/2024,
661,11,1,1,1111,7/15/2024,7/7/2024,
662,17,2,1,1721,7/15/2024,7/7/2024,
663,13,5,5,1355,7/15/2024,7/7/2024,
664,5,5,5,555,7/15/2024,7/7/2024,
665,4,4,3,443,7/15/2024,7/7/2024,
666,4,2,2,422,7/20/2024,7/7/2024,
667,7,4,1,741,7/20/2024,7/7/2024,
668,15,5,4,1554,7/20/2024,7/7/2024,
669,11,2,2,1122,7/20/2024,7/7/2024,
670,1,5,3,153,7/20/2024,7/7/2024,
671,1,4,2,142,7/20/2024,7/7/2024,
672,10,4,6,1046,7/20/2024,7/7/2024,
673,18,5,4,1854,7/20/2024,7/7/2024,
674,14,5,1,1451,7/20/2024,7/7/2024,
675,9,5,2,952,7/20/2024,7/7/2024,
676,15,5,1,1551,7/22/2024,7/7/2024,
677,13,2,3,1323,7/22/2024,7/7/2024,
678,13,2,4,1324,7/22/2024,7/7/2024,
679,3,5,2,352,7/22/2024,7/7/2024,
680,12,1,4,1214,7/22/2024,7/7/2024,
681,4,1,2,412,7/22/2024,7/7/2024,
682,19,4,6,1946,7/26/2024,7/7/2024,
683,12,1,1,1211,7/26/2024,7/7/2024,
684,12,1,4,1214,7/26/2024,7/7/2024,
685,5,2,5,525,7/26/2024,7/7/2024,
686,8,2,5,825,7/26/2024,7/7/2024,
687,6,1,4,614,7/26/2024,7/7/2024,
688,18,2,3,1823,7/26/2024,7/7/2024,
689,6,5,5,655,7/26/2024,7/7/2024,
690,8,1,5,815,7/26/2024,7/7/2024,
691,8,4,3,843,7/26/2024,7/7/2024,
692,13,1,5,1315,7/26/2024,7/7/2024,
693,5,3,4,534,7/29/2024,7/7/2024,
694,14,5,5,1455,7/29/2024,7/7/2024,
695,14,4,5,1445,7/29/2024,7/7/2024,
696,14,3,6,1436,7/29/2024,7/7/2024,
697,17,5,4,1754,7/29/2024,7/7/2024,
698,19,3,5,1935,7/29/2024,7/7/2024,
699,19,5,1,1951,7/29/2024,7/7/2024,
700,1,4,4,144,7/29/2024,7/7/2024,
701,8,3,4,834,7/29/2024,7/7/2024,
702,17,4,4,1744,7/29/2024,7/7/2024,
703,19,3,6,1936,7/29/2024,7/7/2024,
704,7,4,1,741,7/29/2024,7/7/2024,
705,6,1,4,614,7/29/2024,7/7/2024,
706,7,3,0,730,7/29/2024,7/7/2024,
707,14,5,0,1450,7/29/2024,7/7/2024,
708,4,2,5,425,8/3/2024,7/7/2024,
709,4,4,4,444,8/3/2024,7/7/2024,
710,2,5,3,253,8/3/2024,7/7/2024,
711,2,5,4,254,8/3/2024,7/7/2024,
712,2,4,6,246,8/3/2024,7/7/2024,
713,3,2,4,324,8/3/2024,7/7/2024,
714,1,4,1,141,8/3/2024,7/7/2024,
715,6,4,6,646,8/3/2024,7/7/2024,
716,6,4,1,641,8/3/2024,7/7/2024,
717,6,5,5,655,8/3/2024,7/7/2024,
718,10,2,4,1024,8/3/2024,7/7/2024,
719,19,4,6,1946,8/3/2024,7/7/2024,
720,19,1,2,1912,8/3/2024,7/7/2024,
721,19,1,6,1916,8/3/2024,7/7/2024,
722,7,5,6,756,8/3/2024,7/7/2024,
723,8,5,6,856,8/3/2024,7/7/2024,
724,9,4,6,946,8/3/2024,7/7/2024,
725,9,1,3,913,8/3/2024,7/7/2024,
726,15,5,4,1554,8/3/2024,7/7/2024,
727,12,4,3,1243,8/3/2024,7/7/2024,
728,5,1,2,512,8/3/2024,7/7/2024,
729,5,3,3,533,8/3/2024,7/7/2024,
